N,P,K,temperature,humidity,ph,rainfall,label
117,15,45,27.02,92.96,6.85,23.57,muskmelon
105,7,53,25.08,81.26,6.59,47.88,watermelon
54,48,53,35.87,92.78,6.52,88.08,papaya
43,46,55,24.09,80.05,6.25,187.96,papaya
13,140,204,22.21,91.15,6.24,113.3,apple
25,23,27,35.37,48.1,5.77,76.05,mango
3,144,204,21.22,91.28,6.09,100.39,apple
5,41,23,29.94,61.2,7.05,69.09,mothbeans
3,58,16,27.15,84.45,6.76,42.93,mungbean
5,71,17,26.89,64.85,5.63,74.04,lentil
31,64,17,26.22,60.18,7.36,65.69,blackgram
25,29,28,25.51,90.73,5.96,167.14,coconut
11,10,39,21.48,94.5,6.3,100.19,pomegranate
94,55,38,24.14,88.24,7.13,153.2,jute
14,20,25,26.0,90.95,5.62,210.48,coconut
28,7,44,20.65,85.88,6.34,109.81,pomegranate
23,140,201,20.42,94.91,6.36,117.2,apple
85,52,20,25.7,56.09,6.84,109.57,maize
33,63,49,28.14,83.81,6.86,187.04,papaya
97,20,50,29.13,91.48,6.58,29.44,muskmelon
100,24,33,26.24,63.56,6.88,161.73,coffee
48,57,51,28.53,86.03,6.58,162.51,papaya
12,34,12,31.75,90.08,7.29,113.04,orange
33,63,50,33.09,84.77,6.8,130.66,papaya
21,57,81,19.78,16.43,6.86,90.12,chickpea
87,35,42,25.0,85.86,6.23,182.99,jute
30,53,21,31.84,84.47,6.75,46.17,mungbean
15,34,8,22.4,90.09,6.26,122.63,orange
18,76,19,19.37,38.22,5.45,197.49,pigeonpeas
75,60,43,23.62,81.3,6.49,295.85,rice
27,11,35,24.38,89.39,6.04,103.62,pomegranate
33,60,20,30.28,54.97,4.81,49.51,mothbeans
63,55,39,24.56,83.83,7.04,171.51,jute
33,72,23,24.65,62.98,6.18,45.72,lentil
68,56,35,25.4,71.58,6.43,166.1,jute
43,63,18,34.26,61.62,7.45,67.06,blackgram
86,42,42,26.12,76.8,6.27,179.25,jute
58,72,79,20.55,16.7,6.39,77.87,chickpea
25,63,81,17.28,17.11,6.14,93.01,chickpea
9,60,18,16.81,20.33,5.7,138.68,kidneybeans
63,48,46,26.73,87.86,6.49,114.32,papaya
30,23,35,36.42,50.18,5.38,69.36,mango
26,60,22,28.97,64.74,6.68,73.69,blackgram
88,55,23,22.65,57.72,6.1,64.58,maize
15,56,19,30.31,86.34,6.89,40.41,mungbean
91,45,19,23.95,56.61,6.73,101.61,maize
31,64,24,33.61,52.19,6.09,133.68,pigeonpeas
26,12,33,28.9,96.02,5.95,172.06,coconut
116,6,45,28.31,93.15,6.34,23.01,muskmelon
99,36,18,20.04,61.82,6.64,89.78,maize
58,64,21,30.04,63.12,6.64,71.45,blackgram
86,40,32,26.63,61.39,6.53,172.62,coffee
16,133,203,20.5,82.2,5.57,69.65,grapes
13,42,20,29.83,81.83,6.21,54.41,mungbean
110,33,35,23.28,60.13,6.87,160.67,coffee
2,64,17,23.05,18.11,5.98,125.4,kidneybeans
137,41,15,26.86,75.68,6.13,69.84,cotton
2,143,204,20.03,93.76,5.61,102.06,apple
92,92,49,27.91,84.48,5.55,105.31,banana
59,73,22,25.82,66.0,6.73,70.46,blackgram
90,11,53,24.09,83.38,6.11,43.93,watermelon
5,10,25,29.85,99.83,6.08,140.1,coconut
20,75,16,18.84,68.93,6.08,50.08,lentil
4,30,9,24.94,90.21,7.17,101.46,orange
34,63,55,32.33,82.62,6.6,215.5,papaya
8,56,18,25.74,32.64,5.37,75.54,pigeonpeas
25,27,8,26.19,90.94,6.9,118.03,orange
85,59,43,24.81,82.56,5.24,225.27,rice
89,15,47,29.83,94.09,6.59,22.52,muskmelon
9,69,21,22.83,65.02,4.96,98.98,pigeonpeas
97,8,46,29.4,91.73,6.26,24.3,muskmelon
17,20,34,29.25,95.1,6.22,212.07,coconut
79,36,38,26.13,70.31,7.23,165.03,jute
111,76,45,25.08,78.6,5.59,112.84,banana
24,72,18,28.94,61.31,7.01,72.29,blackgram
45,70,50,23.11,93.37,6.85,248.44,papaya
110,70,46,29.74,75.69,5.96,130.48,banana
115,48,23,22.67,83.8,6.27,63.29,cotton
81,17,50,26.05,83.6,6.67,40.61,watermelon
31,8,6,18.52,93.04,6.95,125.97,orange
120,27,32,27.89,51.04,6.35,171.43,coffee
27,78,75,17.95,18.68,6.55,93.79,chickpea
84,58,35,21.57,84.82,5.02,296.39,rice
24,33,17,27.54,57.68,6.03,31.44,mothbeans
15,11,5,18.98,90.4,7.67,102.37,orange
0,26,28,30.9,46.95,6.33,66.17,mango
97,24,29,27.56,65.1,6.23,194.42,coffee
24,43,25,31.59,60.82,5.86,63.18,mothbeans
43,63,18,32.95,63.24,7.15,66.43,blackgram
29,7,39,21.45,89.72,6.49,108.47,pomegranate
94,53,23,23.9,56.82,6.35,102.04,maize
37,55,22,27.54,56.23,9.59,23.2,mothbeans
112,37,18,26.48,81.92,5.68,62.6,cotton
50,59,47,36.43,88.23,6.8,49.19,papaya
27,68,19,19.3,61.35,5.21,120.59,pigeonpeas
33,45,20,28.83,54.42,7.13,38.56,mothbeans
11,71,21,23.07,18.35,5.95,118.57,kidneybeans
98,40,35,24.79,51.98,6.76,179.82,coffee
41,73,16,33.1,62.73,7.1,68.72,blackgram
21,72,18,27.79,65.97,6.09,56.57,lentil
30,11,25,25.44,92.87,6.28,153.64,coconut
76,41,43,24.14,81.75,6.06,237.8,rice
6,31,13,28.54,92.38,7.99,121.87,orange
92,16,54,28.73,91.37,6.82,20.05,muskmelon
88,18,50,24.64,80.4,6.2,42.68,watermelon
16,68,23,24.58,20.21,5.66,73.4,kidneybeans
86,9,54,25.46,83.15,6.2,54.29,watermelon
96,95,50,26.69,75.9,6.46,140.36,banana
35,72,17,26.24,66.4,5.44,194.97,pigeonpeas
40,33,21,27.49,59.86,5.31,27.11,mothbeans
93,72,48,27.86,78.32,6.22,125.39,banana
96,35,41,24.07,82.92,7.48,152.45,jute
110,49,16,22.19,84.78,5.51,94.95,cotton
32,12,37,19.96,88.69,6.16,108.86,pomegranate
15,56,16,32.39,36.47,5.69,160.57,pigeonpeas
33,63,83,20.84,16.87,7.79,76.28,chickpea
60,60,20,22.65,56.54,6.22,86.63,maize
6,20,31,25.69,93.0,5.78,194.38,coconut
11,7,39,23.33,94.36,6.94,101.75,pomegranate
64,37,41,23.82,83.53,6.45,262.56,rice
18,65,18,20.36,61.9,6.04,178.06,pigeonpeas
31,128,204,10.67,80.57,5.91,71.48,grapes
57,67,21,30.69,60.59,6.95,72.69,blackgram
33,20,28,29.5,90.99,5.62,166.94,coconut
48,60,84,20.14,19.35,7.91,92.54,chickpea
60,69,25,32.13,61.93,6.71,69.73,blackgram
7,21,27,28.06,94.38,6.23,220.54,coconut
81,42,15,20.4,58.1,6.1,81.34,maize
94,87,46,26.6,76.78,5.74,120.9,banana
32,59,15,27.31,58.31,9.23,26.07,mothbeans
92,90,54,28.24,75.29,6.12,125.48,banana
23,68,24,24.66,18.76,5.85,147.55,kidneybeans
7,9,45,18.72,85.12,6.14,107.16,pomegranate
35,69,79,20.59,15.46,7.85,67.11,chickpea
34,16,28,29.34,93.83,5.81,174.25,coconut
32,11,6,15.06,91.52,6.22,114.18,orange
12,67,16,18.12,34.04,6.67,155.44,pigeonpeas
88,95,55,29.37,82.08,6.21,112.62,banana
98,71,49,28.73,83.94,6.26,116.6,banana
19,129,199,23.15,94.41,6.34,114.55,apple
27,80,15,15.27,18.39,5.73,141.83,kidneybeans
96,10,54,29.95,90.69,6.43,24.25,muskmelon
22,54,16,27.16,84.76,6.61,44.03,mungbean
31,52,21,25.5,42.21,8.04,38.42,mothbeans
16,19,28,26.95,95.58,6.08,154.9,coconut
78,51,22,22.7,57.94,6.57,86.38,maize
10,125,205,22.95,92.38,5.62,123.2,apple
38,28,32,29.41,94.21,6.34,193.12,coconut
19,59,17,19.88,22.43,5.76,62.94,kidneybeans
11,39,25,26.17,45.06,5.54,32.08,mothbeans
4,55,19,29.32,81.19,7.47,45.37,mungbean
18,58,16,18.13,67.62,6.84,55.15,lentil
102,13,50,25.67,87.3,6.53,53.97,watermelon
19,41,21,27.41,88.3,7.47,50.12,mungbean
16,77,16,33.1,58.28,4.63,70.21,pigeonpeas
0,59,25,27.16,34.74,6.9,160.02,pigeonpeas
3,78,25,27.52,58.25,5.84,135.7,pigeonpeas
28,68,17,15.65,21.48,5.78,110.46,kidneybeans
96,55,24,24.71,56.25,6.88,103.49,maize
71,52,35,23.4,72.24,6.86,189.05,jute
59,79,83,18.53,15.23,6.24,86.53,chickpea
26,127,202,22.99,90.69,5.75,118.29,apple
17,29,7,26.6,90.86,6.52,114.89,orange
138,46,24,23.4,80.71,6.66,97.12,cotton
64,56,41,20.33,82.83,5.24,194.42,rice
26,25,33,26.49,98.58,6.5,196.67,coconut
11,122,205,15.39,82.8,5.6,67.0,grapes
35,66,24,24.12,69.09,6.68,57.06,lentil
91,8,49,25.83,86.96,6.34,41.62,watermelon
7,121,200,21.59,82.28,6.39,69.98,grapes
19,143,195,24.42,80.04,5.67,70.81,grapes
41,56,21,32.53,67.33,7.31,72.23,blackgram
13,20,43,18.22,86.22,6.63,108.99,pomegranate
44,79,76,20.43,14.05,7.18,85.95,chickpea
16,12,26,29.3,90.13,6.18,141.72,coconut
74,48,16,24.09,61.26,5.7,61.63,maize
8,75,16,26.89,65.43,6.48,49.59,lentil
7,130,196,19.39,82.89,6.25,74.65,grapes
89,10,45,26.13,81.14,6.31,51.72,watermelon
67,53,44,24.56,71.79,6.94,174.76,jute
83,37,35,26.21,69.07,6.84,171.3,coffee
118,28,28,25.74,50.07,6.04,160.04,coffee
34,62,17,19.47,20.85,5.8,108.33,kidneybeans
64,56,40,25.5,75.93,6.62,189.96,jute
29,54,22,24.12,47.02,4.85,22.1,mothbeans
17,59,17,22.25,19.15,5.67,87.78,kidneybeans
111,75,54,29.44,76.37,5.84,129.34,banana
32,78,21,20.12,18.99,5.82,64.03,kidneybeans
37,27,34,26.49,96.58,6.33,190.26,coconut
63,48,46,28.12,81.6,6.82,177.59,papaya
41,46,54,33.09,83.71,6.83,125.07,papaya
1,51,16,27.28,80.35,6.59,57.43,mungbean
23,19,30,27.56,49.8,5.84,66.76,mango
33,14,36,19.01,85.94,6.02,108.74,pomegranate
118,13,47,24.52,85.3,6.29,49.43,watermelon
7,65,18,16.08,20.03,5.9,111.48,kidneybeans
86,51,20,23.67,59.74,5.59,63.73,maize
25,137,197,20.04,91.37,5.61,116.5,apple
36,59,20,31.55,64.11,7.0,66.18,blackgram
22,70,81,18.6,14.91,7.98,97.45,chickpea
21,144,196,27.62,80.98,6.11,65.88,grapes
30,123,200,27.28,80.79,5.96,71.06,grapes
95,76,49,29.99,75.25,6.34,118.27,banana
120,57,20,25.62,79.12,5.53,61.36,cotton
89,53,35,22.79,82.17,6.12,210.1,rice
12,12,41,21.46,93.69,6.74,105.01,pomegranate
3,58,21,29.5,84.34,6.37,53.69,mungbean
96,79,47,29.06,75.55,6.04,103.53,banana
69,51,37,24.82,72.99,6.67,163.92,jute
10,40,15,30.48,83.24,6.35,45.27,mungbean
92,39,25,23.95,55.34,6.35,98.12,maize
28,63,75,20.24,14.46,6.56,97.56,chickpea
47,64,77,19.72,14.43,6.06,74.02,chickpea
45,56,76,19.42,15.91,7.73,99.77,chickpea
34,143,202,22.0,91.61,5.63,109.41,apple
61,51,45,25.61,83.39,5.86,195.42,rice
4,57,23,23.19,21.24,5.86,88.29,kidneybeans
58,60,45,33.29,80.46,6.28,144.71,papaya
82,19,25,23.02,60.18,6.56,191.25,coffee
58,64,21,33.25,66.89,6.83,67.42,blackgram
34,71,16,23.79,21.43,5.76,98.74,kidneybeans
37,26,25,28.49,50.1,5.65,96.03,mango
40,39,25,36.28,54.5,5.89,73.64,mango
30,27,32,29.1,90.7,6.29,194.17,coconut
38,59,51,26.95,84.83,6.56,220.87,papaya
21,129,196,20.63,91.26,5.66,123.82,apple
23,60,77,20.23,18.57,7.6,80.25,chickpea
15,13,44,24.12,86.27,6.87,105.94,pomegranate
42,78,80,19.17,17.54,7.02,75.41,chickpea
102,10,55,28.35,90.06,6.56,26.62,muskmelon
35,120,198,21.95,94.07,6.45,123.14,apple
93,10,54,27.06,94.15,6.14,29.75,muskmelon
92,9,53,29.86,94.07,6.9,20.16,muskmelon
32,21,34,32.44,48.39,5.68,84.53,mango
5,15,30,31.09,48.27,6.36,63.19,mango
108,37,21,26.38,76.89,6.32,60.96,cotton
7,18,29,29.01,97.37,5.8,145.27,coconut
35,8,38,19.66,86.65,6.12,103.66,pomegranate
71,53,41,20.19,82.89,5.66,260.64,rice
98,14,55,28.82,93.02,6.83,24.25,muskmelon
84,15,25,24.03,51.43,6.73,175.55,coffee
58,50,53,24.52,86.37,6.46,44.3,papaya
23,60,22,24.66,52.11,5.47,48.17,mothbeans
91,36,18,23.24,57.73,6.93,67.55,maize
5,22,29,36.98,54.96,4.98,72.51,mango
100,19,52,28.7,93.25,6.35,29.17,muskmelon
17,68,24,21.43,48.34,5.9,180.95,pigeonpeas
33,40,21,31.16,85.4,7.27,50.78,mungbean
99,19,31,26.96,61.83,6.23,173.93,coffee
29,131,204,28.5,81.39,6.45,65.63,grapes
39,30,34,29.74,93.42,5.94,203.64,coconut
100,40,25,25.55,77.09,5.96,79.01,cotton
27,70,15,27.9,69.04,4.81,62.37,pigeonpeas
61,39,39,21.63,82.91,6.29,285.64,rice
17,135,201,22.04,93.11,5.9,119.21,apple
8,16,39,18.15,89.19,6.78,103.39,pomegranate
100,32,34,27.0,62.95,6.0,162.68,coffee
23,55,75,17.86,17.95,6.79,87.79,chickpea
132,41,17,23.23,83.03,6.42,75.08,cotton
67,35,44,23.81,85.84,7.11,173.82,jute
16,18,32,27.44,52.2,5.61,70.25,mango
96,70,48,28.64,78.16,5.84,109.72,banana
43,60,51,30.05,91.28,6.14,113.14,papaya
2,123,200,21.08,91.21,6.49,104.94,apple
42,60,76,19.86,17.13,7.64,80.08,chickpea
66,37,41,23.58,82.66,5.16,233.69,rice
9,75,19,31.07,39.68,6.78,177.36,pigeonpeas
4,48,19,31.85,56.24,8.73,55.76,mothbeans
15,47,18,27.99,81.65,6.36,57.75,mungbean
64,57,41,24.93,83.6,7.35,156.81,jute
4,8,42,20.85,94.87,6.06,101.42,pomegranate
24,120,196,24.98,82.09,6.25,74.61,grapes
31,34,18,29.06,49.34,5.26,31.59,mothbeans
85,45,43,24.01,76.53,6.12,174.87,jute
97,40,22,21.39,57.88,6.42,105.59,maize
36,15,30,27.31,92.79,5.73,218.68,coconut
88,46,21,19.55,55.84,5.99,87.99,maize
32,72,76,17.53,18.36,7.64,72.47,chickpea
80,88,50,25.72,79.42,5.83,126.09,banana
75,55,39,22.05,81.64,6.01,270.28,rice
29,30,30,28.43,97.44,6.33,171.65,coconut
66,56,39,24.85,70.25,6.6,173.02,jute
35,24,25,36.81,46.35,5.29,79.42,mango
91,9,55,29.3,94.8,6.5,21.12,muskmelon
36,137,200,22.23,94.65,5.88,111.59,apple
96,79,55,26.65,79.41,6.36,134.21,banana
12,72,19,33.62,64.01,5.03,152.03,pigeonpeas
25,66,20,30.12,64.83,6.57,73.39,blackgram
33,15,6,20.39,92.95,7.22,104.62,orange
55,67,81,18.82,15.42,6.15,70.94,chickpea
82,16,47,24.93,82.81,6.97,42.3,watermelon
109,81,52,25.53,81.72,6.14,140.29,banana
0,122,205,22.93,93.19,6.15,120.67,apple
31,71,79,19.91,18.46,6.85,77.11,chickpea
104,30,33,27.98,52.33,6.85,174.99,coffee
23,65,23,36.31,50.76,6.19,103.66,pigeonpeas
27,25,10,19.64,94.51,7.67,116.61,orange
2,129,202,21.47,90.09,5.6,112.41,apple
3,9,32,25.64,92.65,6.34,169.44,coconut
33,58,51,23.65,88.6,6.02,123.35,papaya
91,11,45,25.37,89.42,6.89,41.53,watermelon
8,53,22,30.69,60.53,8.98,44.25,mothbeans
42,59,51,32.54,80.63,6.91,141.74,papaya
37,60,76,19.61,15.99,7.08,82.26,chickpea
31,18,42,18.55,89.48,6.1,100.16,pomegranate
38,77,81,19.31,19.26,6.87,70.63,chickpea
54,69,47,29.23,91.75,6.15,143.34,papaya
11,56,25,26.92,65.33,6.79,64.32,lentil
17,136,200,21.05,91.88,6.0,108.58,apple
37,18,43,24.14,87.43,6.55,101.92,pomegranate
29,64,83,18.72,15.49,7.23,89.74,chickpea
26,19,25,27.14,46.62,6.96,63.04,mango
28,57,79,20.45,17.11,6.96,65.9,chickpea
0,9,40,24.42,90.83,6.46,108.18,pomegranate
91,5,52,26.45,81.28,6.86,48.92,watermelon
5,77,25,16.11,20.68,5.73,137.81,kidneybeans
22,59,23,27.8,81.71,6.63,58.93,mungbean
101,17,45,28.63,94.89,6.81,25.56,muskmelon
106,9,53,25.63,82.6,6.59,43.92,watermelon
19,72,24,20.62,20.08,5.66,129.47,kidneybeans
101,17,51,28.12,91.31,6.76,27.74,muskmelon
5,20,33,33.12,50.66,6.29,97.51,mango
83,39,37,24.14,81.37,5.84,225.95,rice
41,59,21,32.88,62.83,7.26,70.43,blackgram
26,77,85,18.28,18.52,6.54,83.88,chickpea
103,85,50,27.03,79.85,6.04,140.92,banana
27,55,20,27.41,62.34,6.1,66.87,blackgram
30,64,24,18.39,40.76,5.79,97.64,pigeonpeas
44,51,54,34.91,87.83,6.19,227.33,papaya
33,67,21,30.76,53.29,6.98,93.48,pigeonpeas
17,33,15,31.64,88.45,6.34,45.98,mungbean
16,20,29,27.14,99.32,5.79,178.44,coconut
103,47,24,24.25,78.24,6.78,83.74,cotton
18,141,202,8.26,84.99,5.78,71.68,grapes
0,145,199,23.15,94.18,5.66,121.36,apple
0,64,25,18.11,66.48,6.27,55.59,lentil
99,88,51,25.72,84.99,6.12,121.55,banana
62,58,41,25.03,86.8,6.87,166.17,jute
31,121,203,22.06,92.87,6.43,116.13,apple
6,14,42,19.66,91.28,6.83,104.16,pomegranate
12,133,196,22.29,92.22,6.17,115.75,apple
16,38,20,31.59,86.5,6.16,50.05,mungbean
93,18,52,27.33,90.74,6.43,21.96,muskmelon
93,36,27,27.6,68.7,6.16,151.69,coffee
115,32,26,24.3,67.36,6.64,151.02,coffee
6,57,15,24.49,55.32,4.67,60.79,pigeonpeas
66,38,38,24.82,74.24,6.3,192.96,jute
4,58,20,21.31,18.3,5.95,141.85,kidneybeans
97,83,46,28.94,81.82,6.39,134.63,banana
63,45,22,25.17,55.8,6.29,80.52,maize
88,58,41,25.86,81.36,7.47,163.64,jute
69,35,20,24.57,56.11,6.77,66.37,maize
10,76,22,30.31,61.85,6.39,65.03,pigeonpeas
0,15,25,32.7,45.54,4.85,84.9,mango
23,57,25,16.36,18.6,5.6,143.31,kidneybeans
19,19,38,20.87,94.33,6.64,108.02,pomegranate
98,9,52,26.71,88.64,6.46,51.17,watermelon
34,66,25,28.52,60.43,6.27,68.92,blackgram
64,53,25,23.07,64.08,5.97,89.42,maize
62,50,41,20.32,81.4,6.43,286.83,rice
18,32,20,29.83,55.21,8.09,38.72,mothbeans
22,62,25,20.82,20.23,5.8,123.5,kidneybeans
15,16,25,30.21,53.68,5.08,84.31,mango
121,59,16,22.38,79.73,6.7,91.56,cotton
52,47,47,36.9,81.38,6.24,224.2,papaya
9,32,25,25.93,41.01,6.17,26.5,mothbeans
131,38,19,23.08,78.99,6.26,92.41,cotton
8,58,17,27.58,82.54,6.44,53.25,mungbean
18,19,13,20.0,92.09,6.7,125.76,orange
93,41,38,24.57,79.66,7.19,173.86,jute
32,71,21,28.17,69.12,6.09,71.94,blackgram
13,39,23,30.45,83.41,7.21,41.31,mungbean
113,27,32,23.43,58.89,6.85,180.79,coffee
99,87,55,29.67,78.45,5.66,128.16,banana
22,62,16,25.63,36.34,6.7,175.33,pigeonpeas
65,64,51,26.45,88.77,6.42,243.54,papaya
22,134,205,22.75,93.17,6.31,101.12,apple
29,6,45,23.15,88.2,6.51,101.63,pomegranate
64,45,25,20.25,57.53,5.51,94.79,maize
1,19,25,29.36,54.33,6.65,88.39,mango
33,23,31,28.23,99.53,6.29,143.6,coconut
16,124,203,22.78,94.69,6.04,119.21,apple
23,65,17,18.16,68.96,5.54,48.39,lentil
91,47,38,25.15,84.38,6.32,186.1,jute
12,46,20,26.12,53.86,4.8,34.7,mothbeans
30,72,22,22.07,64.05,5.86,62.01,lentil
24,20,29,29.73,95.48,6.45,156.23,coconut
22,65,15,33.48,63.63,7.19,74.41,blackgram
81,52,38,24.5,72.21,6.53,158.68,jute
10,42,25,30.9,89.98,6.29,51.49,mungbean
125,54,17,24.37,79.68,5.55,69.64,cotton
86,17,54,26.66,86.49,6.16,40.5,watermelon
6,135,201,20.31,94.05,6.48,116.12,apple
23,128,196,13.71,80.42,5.62,67.25,grapes
31,20,29,25.57,99.57,5.87,198.16,coconut
8,137,195,23.19,82.86,5.9,68.64,grapes
114,14,46,25.15,84.02,6.78,54.44,watermelon
79,50,43,22.24,84.48,5.58,181.3,rice
10,39,28,34.71,45.39,4.99,81.46,mango
25,20,34,27.94,49.27,4.82,97.9,mango
83,18,26,25.32,50.4,6.14,183.94,coffee
13,13,40,23.04,85.28,6.38,106.27,pomegranate
83,73,53,26.4,78.49,6.42,110.33,banana
39,120,198,26.08,83.85,6.1,68.37,grapes
81,48,37,23.91,89.75,6.84,184.78,jute
33,32,13,15.24,92.94,7.0,126.2,orange
101,37,23,22.95,75.32,6.51,76.06,cotton
29,16,34,28.24,54.62,5.22,94.12,mango
38,59,50,30.85,89.45,6.85,102.33,papaya
110,19,45,29.8,94.69,6.91,25.46,muskmelon
36,45,21,29.42,58.96,3.6,30.36,mothbeans
78,39,38,23.06,81.83,6.02,150.06,jute
30,57,85,17.13,19.62,6.1,83.95,chickpea
40,36,17,30.56,50.11,6.65,20.67,mothbeans
24,9,35,21.32,88.61,6.36,105.29,pomegranate
90,12,51,26.06,83.19,6.25,54.34,watermelon
27,37,15,27.71,46.6,6.2,64.42,mothbeans
139,52,19,26.87,79.39,5.59,89.96,cotton
41,54,54,24.12,80.38,6.8,166.03,papaya
108,13,49,24.3,82.71,6.86,45.2,watermelon
17,60,15,29.63,63.38,5.94,55.41,mothbeans
61,36,40,20.23,81.73,5.95,261.68,rice
38,7,25,27.42,98.32,6.4,177.32,coconut
5,43,17,31.51,62.35,5.69,56.47,mothbeans
14,38,18,28.08,52.53,3.83,21.75,mothbeans
68,40,23,19.29,61.52,5.99,89.51,maize
85,55,41,23.0,83.44,5.09,289.83,rice
69,45,16,21.07,55.37,6.94,101.31,maize
32,24,31,25.41,96.27,5.84,200.49,coconut
0,6,12,24.15,92.59,6.28,115.39,orange
35,16,35,24.35,85.87,6.94,108.26,pomegranate
23,56,16,21.02,18.14,5.66,117.28,kidneybeans
83,18,55,26.81,81.53,6.01,43.57,watermelon
15,37,15,28.64,82.09,6.13,51.67,mungbean
52,64,17,27.37,63.0,6.96,71.01,blackgram
88,60,44,20.16,84.07,5.42,194.18,rice
98,44,44,22.31,82.17,5.38,228.62,rice
109,54,16,26.87,76.93,6.73,82.47,cotton
114,39,25,22.24,77.92,6.68,90.1,cotton
1,78,20,30.78,61.87,5.13,147.48,pigeonpeas
38,8,7,31.98,94.37,6.34,104.09,orange
26,55,25,27.18,60.88,6.29,73.21,blackgram
17,60,20,18.98,64.35,5.94,59.09,lentil
84,87,52,28.92,79.93,5.68,136.74,banana
26,32,28,31.85,48.55,5.3,98.56,mango
66,43,17,25.4,64.71,6.92,83.71,maize
1,133,199,23.17,92.91,6.28,104.79,apple
15,6,38,20.93,93.53,6.86,100.99,pomegranate
12,32,29,28.0,45.55,6.17,92.3,mango
116,37,16,23.82,75.8,6.83,67.93,cotton
31,33,16,28.98,81.56,7.11,49.01,mungbean
9,63,15,30.77,53.34,5.81,94.93,pigeonpeas
22,76,80,17.21,16.27,6.73,99.84,chickpea
20,131,196,22.78,93.49,6.2,112.31,apple
89,26,26,24.63,53.45,6.6,185.61,coffee
25,66,21,20.68,54.9,6.45,140.96,pigeonpeas
64,57,37,26.78,87.29,6.1,182.52,jute
89,42,42,26.0,73.51,6.56,151.41,jute
64,58,45,25.36,76.89,6.94,195.52,jute
49,54,54,32.41,85.92,6.37,135.7,papaya
4,75,16,21.89,69.52,6.74,64.82,lentil
12,138,200,18.87,80.59,5.51,68.03,grapes
98,40,42,23.74,82.42,6.04,212.33,rice
17,28,13,23.8,90.62,6.97,118.76,orange
38,48,17,30.24,88.75,7.19,43.53,mungbean
37,40,26,33.29,51.99,6.28,62.08,mango
37,80,16,18.84,20.7,5.79,128.34,kidneybeans
27,122,200,24.1,81.92,6.44,69.82,grapes
33,52,16,31.48,89.09,6.47,57.28,mungbean
28,35,15,21.36,91.33,7.93,104.8,orange
1,58,15,20.22,47.96,6.03,89.83,pigeonpeas
90,77,47,26.95,81.66,5.72,111.05,banana
87,51,39,27.0,84.98,5.83,272.28,rice
25,62,19,25.97,61.21,5.69,129.66,pigeonpeas
10,16,42,24.87,92.4,6.12,107.57,pomegranate
90,27,33,24.67,59.43,6.03,154.6,coffee
92,9,52,29.76,90.25,6.57,28.54,muskmelon
53,70,17,34.68,65.5,7.44,66.15,blackgram
57,64,48,23.37,87.11,6.19,83.76,papaya
42,51,52,32.97,86.59,6.3,135.74,papaya
8,5,35,21.32,93.76,6.27,100.04,pomegranate
32,58,16,15.92,21.58,5.77,141.03,kidneybeans
31,67,78,18.76,14.63,7.28,72.56,chickpea
38,33,17,29.5,87.3,6.93,44.67,mungbean
26,43,23,28.98,82.96,6.22,43.79,mungbean
36,25,28,29.15,47.92,4.93,75.17,mango
39,58,16,32.7,44.1,6.56,132.19,pigeonpeas
110,12,51,28.8,92.51,6.05,29.42,muskmelon
8,21,33,28.26,54.46,4.83,90.99,mango
20,48,16,29.34,63.33,5.23,50.57,mothbeans
20,62,20,21.79,65.61,5.22,111.49,pigeonpeas
103,20,52,28.39,91.27,6.51,20.3,muskmelon
83,39,38,26.88,81.99,6.22,275.8,rice
20,12,37,22.42,85.25,6.72,105.14,pomegranate
80,17,49,27.8,92.19,6.03,27.71,muskmelon
19,74,21,27.61,38.83,4.6,65.04,pigeonpeas
37,131,203,22.81,90.26,5.56,107.63,apple
7,39,24,27.54,84.78,6.88,53.53,mungbean
87,39,43,21.82,82.27,5.05,213.57,rice
5,80,25,16.4,19.66,5.99,89.82,kidneybeans
39,134,195,20.8,92.53,6.17,122.79,apple
97,42,38,24.06,81.86,6.41,296.84,rice
10,30,33,36.1,51.34,4.68,96.36,mango
43,48,47,28.54,88.34,6.41,84.22,papaya
1,33,20,28.67,54.82,5.81,22.6,mothbeans
126,53,15,23.54,84.85,6.72,66.59,cotton
38,7,41,24.15,86.97,6.95,102.06,pomegranate
6,74,23,25.06,30.05,5.25,150.5,pigeonpeas
68,48,51,23.57,92.87,6.31,243.97,papaya
28,62,19,27.18,62.66,6.71,48.81,lentil
89,54,21,21.64,60.22,6.47,92.51,maize
52,63,75,20.3,16.15,6.64,99.21,chickpea
103,11,46,29.35,93.82,6.72,22.05,muskmelon
131,45,20,23.55,80.02,6.01,90.28,cotton
23,76,17,16.38,21.98,5.5,76.05,kidneybeans
38,77,78,19.98,19.23,6.87,66.53,chickpea
11,36,24,30.95,87.48,6.84,46.16,mungbean
97,30,33,24.4,63.48,6.93,167.38,coffee
113,32,34,23.4,59.88,6.36,193.62,coffee
40,9,9,18.95,94.55,6.35,108.58,orange
84,18,48,24.15,80.05,6.33,49.91,watermelon
22,23,8,26.59,93.33,6.88,128.6,orange
15,139,195,22.78,81.97,5.5,66.2,grapes
102,25,34,26.01,52.87,6.9,158.72,coffee
2,72,21,35.22,30.49,6.19,67.26,pigeonpeas
18,40,34,32.32,48.03,5.48,67.19,mango
6,127,197,22.66,91.7,5.57,114.5,apple
0,23,34,30.22,49.65,6.86,97.27,mango
13,12,38,18.57,86.96,6.94,109.76,pomegranate
108,35,25,25.65,67.65,6.94,155.03,coffee
12,78,16,23.34,62.14,6.82,116.71,pigeonpeas
89,35,29,23.98,67.21,6.15,195.43,coffee
11,142,197,21.51,81.67,6.32,65.38,grapes
130,41,24,26.96,84.83,6.45,77.71,cotton
37,11,39,23.68,89.0,6.95,104.06,pomegranate
42,64,45,25.43,87.9,6.45,161.72,papaya
12,131,201,23.33,91.42,5.86,111.61,apple
22,72,25,25.69,63.35,6.47,71.36,blackgram
30,66,20,20.07,55.46,5.75,116.93,pigeonpeas
97,7,48,25.07,81.63,6.49,51.91,watermelon
47,54,51,23.22,89.65,6.47,243.91,papaya
34,60,25,31.79,66.31,6.41,67.49,blackgram
21,137,202,27.57,82.2,6.4,72.51,grapes
10,69,17,19.99,67.07,6.3,62.24,lentil
84,60,40,24.14,80.15,5.06,278.71,rice
87,23,29,27.23,58.29,6.04,166.07,coffee
68,58,49,23.45,85.27,6.84,54.03,papaya
51,73,75,19.58,15.72,7.63,95.15,chickpea
94,29,28,26.43,59.19,6.57,184.7,coffee
66,51,37,24.39,76.78,6.85,164.57,jute
8,32,17,24.24,62.43,7.55,68.67,mothbeans
0,9,38,24.68,87.1,6.79,107.75,pomegranate
52,63,51,35.54,92.22,6.46,92.88,papaya
6,58,17,18.45,65.94,6.46,169.25,pigeonpeas
14,137,195,20.41,90.31,5.55,109.5,apple
20,66,25,20.58,20.08,5.79,72.53,kidneybeans
16,8,11,25.29,93.57,7.85,102.65,orange
8,57,16,30.18,53.71,3.93,58.33,mothbeans
64,39,45,21.32,81.39,6.05,281.6,rice
2,37,16,29.8,89.43,6.12,46.35,mungbean
116,17,45,25.1,81.06,6.69,54.68,watermelon
40,7,45,24.37,88.83,6.63,104.3,pomegranate
23,18,33,28.38,90.88,6.18,192.25,coconut
4,11,33,27.53,93.99,5.62,177.5,coconut
78,60,39,23.64,71.71,6.57,192.1,jute
21,19,35,21.79,85.53,6.7,100.56,pomegranate
25,70,19,16.13,18.52,5.86,97.81,kidneybeans
22,40,19,29.05,41.36,7.69,68.71,mothbeans
79,49,44,25.12,83.66,6.96,194.07,jute
7,57,17,24.77,18.66,5.71,63.78,kidneybeans
69,51,38,23.21,84.9,5.74,219.45,rice
3,75,15,20.58,66.27,6.89,74.91,lentil
37,48,49,26.07,86.74,6.65,219.79,papaya
34,20,40,20.35,90.75,6.51,105.13,pomegranate
16,20,12,21.25,91.74,6.97,129.36,orange
35,66,80,17.64,14.38,6.24,72.96,chickpea
86,40,39,24.15,81.85,6.45,152.77,jute
9,5,41,19.52,87.5,6.83,104.63,pomegranate
128,55,23,25.32,76.51,5.65,82.91,cotton
19,47,20,31.54,41.87,6.35,46.49,mothbeans
21,57,18,29.46,87.97,6.35,45.65,mungbean
6,136,196,14.22,81.89,5.6,72.19,grapes
30,33,19,27.4,89.4,7.13,54.67,mungbean
28,60,15,24.22,67.48,6.75,64.65,lentil
108,51,18,25.52,82.12,5.64,89.28,cotton
15,62,15,22.42,23.29,5.64,77.46,kidneybeans
9,17,31,30.65,49.32,6.06,62.98,mango
92,15,52,29.42,92.55,6.98,22.82,muskmelon
25,73,19,23.42,19.12,5.9,101.24,kidneybeans
15,32,6,34.99,94.18,7.79,124.7,orange
20,78,24,24.11,63.92,6.32,73.36,pigeonpeas
94,52,16,23.57,56.54,6.72,71.22,maize
76,55,36,23.38,81.66,6.08,166.85,jute
107,32,26,23.16,67.92,6.65,186.88,coffee
108,57,21,22.84,76.17,5.77,98.81,cotton
95,38,24,20.01,58.46,5.77,105.42,maize
30,65,21,21.56,69.3,5.69,62.84,lentil
34,67,16,19.89,20.41,6.0,139.23,kidneybeans
9,9,44,22.78,91.62,6.72,102.68,pomegranate
50,61,52,36.02,94.65,6.74,92.96,papaya
92,54,39,21.34,81.34,5.73,224.72,rice
28,62,23,23.62,53.75,4.58,149.05,pigeonpeas
93,16,55,28.08,91.07,6.39,27.4,muskmelon
3,40,15,30.38,83.07,6.56,53.76,mungbean
39,75,20,16.62,19.53,5.97,110.42,kidneybeans
60,60,20,19.84,57.13,5.55,92.58,maize
60,41,39,24.91,80.75,6.74,190.12,jute
5,69,16,22.32,21.29,5.56,139.39,kidneybeans
28,69,79,17.09,14.92,6.45,98.51,chickpea
138,52,20,23.58,81.54,5.62,69.69,cotton
25,43,20,25.84,53.82,5.92,53.08,mothbeans
22,132,195,20.3,94.57,5.52,124.06,apple
30,57,46,28.06,83.12,6.65,222.95,papaya
5,10,41,20.1,85.34,6.63,108.59,pomegranate
105,53,19,23.62,82.41,6.79,73.81,cotton
35,32,33,31.56,52.06,6.55,69.45,mango
27,127,202,21.28,80.82,6.24,68.01,grapes
15,36,28,35.02,48.49,6.23,66.39,mango
105,28,34,26.26,68.23,6.38,191.91,coffee
113,37,25,26.4,55.21,6.48,164.97,coffee
133,55,22,22.28,76.24,6.25,73.48,cotton
31,59,19,27.83,59.51,5.47,35.58,mothbeans
22,21,29,28.1,91.47,5.66,141.28,coconut
34,6,28,26.25,95.74,6.44,205.06,coconut
31,7,30,28.93,93.21,5.54,222.6,coconut
40,124,196,20.09,91.22,5.65,121.48,apple
36,13,14,21.2,92.26,6.77,112.97,orange
3,40,31,36.08,52.81,4.55,73.08,mango
3,39,25,35.33,54.29,6.07,75.8,mango
12,30,6,20.63,94.77,6.11,121.28,orange
118,79,55,26.04,82.99,6.3,120.76,banana
9,128,198,22.57,93.05,5.97,115.66,apple
12,131,195,29.83,80.65,6.3,68.95,grapes
50,71,22,26.39,66.12,6.46,68.26,blackgram
0,62,21,19.07,23.35,5.5,63.58,kidneybeans
35,127,195,21.87,82.25,5.69,70.08,grapes
132,58,22,25.01,82.86,6.59,88.06,cotton
19,74,16,21.64,69.67,6.92,51.72,lentil
112,74,54,26.25,78.56,5.68,134.76,banana
28,60,19,25.4,56.82,4.93,30.91,mothbeans
37,123,203,23.33,93.3,5.85,116.76,apple
68,46,40,26.44,88.81,6.3,165.49,jute
11,75,22,26.72,68.74,5.83,45.55,lentil
88,21,25,26.76,57.31,6.73,172.8,coffee
27,30,15,29.41,92.77,6.85,116.97,orange
33,63,24,26.71,61.21,5.95,58.64,lentil
35,69,17,30.57,67.07,6.99,73.08,blackgram
80,78,48,27.73,81.61,6.4,104.93,banana
30,74,22,19.72,18.08,5.64,64.01,kidneybeans
1,9,38,22.78,91.29,6.27,100.39,pomegranate
69,36,42,23.87,76.54,6.94,158.63,jute
59,46,47,27.41,89.18,6.15,53.9,papaya
18,60,18,28.44,60.88,6.67,69.66,lentil
38,9,27,27.55,92.44,5.84,217.67,coconut
10,56,23,18.58,20.97,5.91,90.17,kidneybeans
19,63,24,24.44,18.89,5.73,148.29,kidneybeans
19,36,20,30.01,55.59,7.4,22.68,mothbeans
37,51,52,24.43,85.53,6.42,115.71,papaya
51,56,85,17.17,14.66,7.2,68.33,chickpea
85,6,47,26.54,84.41,6.02,41.12,watermelon
30,37,35,28.48,45.99,5.95,85.11,mango
31,34,27,28.04,54.62,6.73,70.81,mango
96,56,19,21.25,58.24,5.63,91.66,maize
102,90,46,27.61,77.63,6.27,146.33,banana
89,40,36,21.27,80.92,5.46,242.97,rice
26,50,16,27.77,56.4,7.14,54.35,mothbeans
19,121,199,23.29,90.94,6.2,107.27,apple
8,66,25,20.05,23.8,5.71,148.57,kidneybeans
37,58,22,19.67,67.47,5.57,73.2,lentil
49,78,84,20.47,18.84,7.58,75.66,chickpea
1,73,25,20.99,21.01,5.57,70.42,kidneybeans
139,53,18,22.15,84.7,6.89,97.41,cotton
31,74,16,30.25,52.45,6.44,88.7,pigeonpeas
21,77,77,18.55,17.39,6.38,72.41,chickpea
32,61,82,20.17,15.11,7.84,79.86,chickpea
91,12,55,27.02,93.9,6.67,23.09,muskmelon
40,126,202,19.27,80.68,6.07,69.08,grapes
20,74,22,27.29,63.86,6.26,69.96,lentil
12,124,197,22.25,94.01,5.93,105.84,apple
21,50,15,27.58,86.82,7.42,43.43,mungbean
27,68,18,23.76,41.6,5.91,76.79,pigeonpeas
47,68,77,17.71,18.15,7.24,87.16,chickpea
101,42,15,22.57,78.48,6.64,84.32,cotton
54,61,85,17.93,16.35,7.19,82.39,chickpea
20,73,19,25.91,60.38,4.97,160.77,pigeonpeas
36,138,199,11.56,84.53,6.02,66.54,grapes
17,136,195,20.87,91.21,6.14,106.9,apple
18,70,18,16.22,22.41,5.62,93.43,kidneybeans
25,73,16,27.21,61.86,7.43,67.1,blackgram
52,55,22,28.08,62.42,6.11,72.44,blackgram
34,69,16,30.05,60.83,4.51,180.25,pigeonpeas
99,36,29,26.87,64.25,6.63,169.36,coffee
14,60,19,22.79,62.42,5.81,73.41,lentil
138,56,21,23.0,82.87,6.19,99.96,cotton
11,11,10,32.39,92.42,6.67,104.63,orange
11,6,42,21.79,94.68,6.15,109.41,pomegranate
14,28,10,27.25,93.58,6.83,122.72,orange
5,125,197,23.77,90.49,5.77,112.38,apple
2,44,19,25.78,57.87,9.23,56.57,mothbeans
84,40,33,26.77,68.67,6.22,191.82,coffee
17,55,20,25.02,64.89,6.29,63.34,lentil
100,47,25,19.91,64.3,5.66,94.95,maize
63,52,19,18.34,55.18,6.98,81.39,maize
18,20,40,21.45,94.23,6.02,107.3,pomegranate
86,15,45,27.88,90.43,6.76,23.14,muskmelon
100,36,19,18.82,64.37,6.53,63.39,maize
26,42,15,28.38,82.04,6.03,56.98,mungbean
82,49,36,24.73,89.39,6.21,179.37,jute
76,44,23,21.57,56.85,6.31,103.65,maize
2,66,15,25.44,65.45,5.69,50.14,lentil
30,72,82,18.19,16.58,6.34,67.61,chickpea
27,55,23,27.16,87.82,6.36,43.61,mungbean
26,17,29,29.66,92.64,5.65,148.1,coconut
21,7,29,29.19,98.56,6.33,211.91,coconut
114,60,17,22.53,76.27,6.86,81.03,cotton
0,62,17,19.11,23.45,5.86,114.71,kidneybeans
47,69,80,17.82,14.67,6.54,67.0,chickpea
11,30,25,30.41,49.8,8.38,26.27,mothbeans
110,29,26,24.35,63.85,6.25,167.82,coffee
43,71,22,33.02,63.41,6.67,71.76,blackgram
121,49,16,22.3,83.87,6.57,61.47,cotton
87,51,16,21.98,62.65,5.65,76.72,maize
16,52,22,30.9,53.3,8.63,34.84,mothbeans
3,71,25,22.93,65.05,5.51,64.21,lentil
18,59,17,16.96,19.12,5.55,92.1,kidneybeans
118,81,51,25.19,80.69,6.42,148.42,banana
109,9,51,24.93,86.11,6.96,41.43,watermelon
12,120,201,28.45,80.86,6.08,70.56,grapes
8,69,19,24.45,61.92,6.58,49.5,lentil
57,56,23,34.03,65.25,6.68,68.3,blackgram
74,49,44,20.18,80.54,5.05,256.37,rice
5,15,44,24.24,93.14,6.71,102.49,pomegranate
31,17,35,34.88,53.18,6.89,92.97,mango
23,19,26,26.14,93.9,6.11,207.98,coconut
111,51,19,23.21,79.37,6.61,77.86,cotton
31,33,19,25.36,62.46,8.55,23.82,mothbeans
15,43,21,31.67,86.89,7.23,53.9,mungbean
32,63,19,28.96,63.88,6.74,44.68,lentil
5,120,201,10.49,81.76,6.5,73.89,grapes
22,75,22,23.51,67.24,5.48,136.54,pigeonpeas
97,90,47,27.03,84.7,5.61,113.43,banana
67,45,15,18.09,55.72,6.09,84.0,maize
108,87,48,29.8,81.6,6.02,101.18,banana
109,16,47,28.21,91.07,6.36,22.84,muskmelon
22,133,202,9.08,80.16,6.05,72.62,grapes
12,71,21,27.53,66.25,6.91,63.79,lentil
100,14,54,26.41,81.63,6.25,45.13,watermelon
92,74,46,26.16,76.16,5.83,111.02,banana
13,139,203,21.79,93.13,5.65,104.72,apple
22,26,34,36.32,52.7,6.37,69.36,mango
32,54,18,31.43,64.91,8.67,57.69,mothbeans
86,75,49,27.77,76.74,5.88,142.16,banana
17,25,5,15.37,94.44,6.45,127.88,orange
23,6,12,19.47,93.53,6.38,116.59,orange
35,143,196,23.79,90.34,6.01,108.22,apple
75,57,45,26.83,74.03,7.3,166.07,jute
24,17,26,30.8,50.02,6.01,82.4,mango
66,59,38,25.59,83.25,6.05,275.5,rice
21,145,202,8.63,83.15,5.85,67.93,grapes
59,71,79,19.46,15.84,7.25,83.45,chickpea
44,49,49,32.24,92.71,6.69,235.74,papaya
81,60,23,25.12,60.94,6.52,99.46,maize
116,8,53,28.61,92.25,6.44,20.91,muskmelon
64,47,55,35.38,80.46,6.75,199.35,papaya
95,54,40,26.94,74.28,6.9,189.01,jute
89,58,20,23.35,64.29,6.34,88.58,maize
11,140,205,21.36,93.1,6.39,112.4,apple
3,61,15,28.3,67.59,5.05,161.6,pigeonpeas
89,36,32,27.68,55.82,6.52,169.57,coffee
6,137,200,23.24,93.48,6.27,111.03,apple
0,7,33,25.89,98.63,5.89,140.39,coconut
8,71,19,18.23,61.89,6.12,72.75,lentil
6,18,35,28.95,54.61,4.86,80.36,mango
94,5,50,29.06,92.08,6.65,23.09,muskmelon
62,53,39,23.83,85.3,7.42,185.84,jute
125,35,23,23.65,76.69,6.2,64.01,cotton
22,15,10,32.66,92.89,6.71,124.63,orange
9,20,42,19.22,88.61,6.64,100.71,pomegranate
45,68,23,26.66,60.59,7.04,72.29,blackgram
79,42,43,25.21,83.41,5.36,228.03,rice
16,40,23,29.37,57.52,4.83,52.7,mothbeans
105,9,47,28.36,90.08,6.12,21.85,muskmelon
97,20,48,24.51,88.73,6.7,41.28,watermelon
24,66,16,24.31,66.88,5.91,65.78,lentil
18,66,25,34.71,62.35,6.19,147.5,pigeonpeas
18,120,198,21.28,84.67,5.7,66.47,grapes
36,38,16,30.3,51.36,7.6,32.42,mothbeans
40,16,36,19.71,88.06,6.48,100.63,pomegranate
76,47,39,26.06,73.17,6.89,194.81,jute
91,20,50,25.04,88.92,6.47,47.92,watermelon
119,22,27,23.14,51.29,6.73,166.09,coffee
71,37,40,23.6,87.66,6.25,161.14,jute
23,141,198,21.42,93.96,6.01,103.2,apple
100,53,40,24.4,74.25,6.56,163.6,jute
20,25,9,32.37,94.47,7.77,116.25,orange
15,23,27,31.28,52.33,5.34,73.14,mango
27,69,25,22.34,19.8,5.59,117.38,kidneybeans
112,14,49,24.47,83.92,6.49,41.66,watermelon
29,69,17,36.96,57.07,6.57,101.25,pigeonpeas
103,41,25,26.25,84.58,6.94,77.68,cotton
37,30,13,17.84,93.52,7.81,113.04,orange
103,13,48,24.03,86.26,6.7,49.76,watermelon
106,13,46,28.69,90.57,7.0,24.26,muskmelon
100,35,24,23.82,81.11,5.68,96.96,cotton
18,76,22,18.34,22.71,5.85,130.98,kidneybeans
42,66,80,17.56,14.18,6.62,89.66,chickpea
24,73,20,29.05,62.69,6.3,72.83,blackgram
1,58,17,22.1,66.48,5.6,71.41,lentil
93,58,35,24.42,75.63,7.26,152.51,jute
7,8,40,22.7,85.52,6.11,100.04,pomegranate
119,12,52,28.17,91.57,6.46,23.9,muskmelon
20,15,29,29.18,93.99,5.95,216.62,coconut
94,72,53,28.62,76.14,6.02,129.37,banana
93,16,46,27.24,90.45,6.59,25.99,muskmelon
112,71,50,25.43,81.69,5.91,123.54,banana
93,57,19,18.15,64.14,5.68,88.83,maize
3,60,23,28.24,64.98,6.4,47.95,lentil
6,130,204,24.79,82.93,5.76,74.82,grapes
110,16,34,26.46,60.64,6.43,169.37,coffee
55,66,85,20.92,17.61,7.16,91.18,chickpea
33,33,15,30.1,86.98,6.32,41.05,mungbean
25,60,20,18.44,64.75,6.0,72.22,lentil
50,68,21,31.05,62.2,6.94,70.72,blackgram
109,93,51,25.02,77.27,5.91,142.56,banana
64,53,45,23.48,72.46,6.85,163.5,jute
9,37,33,36.41,53.62,5.91,76.41,mango
14,39,21,30.72,64.74,9.28,38.57,mothbeans
9,51,17,29.98,60.26,6.19,30.21,mothbeans
112,18,49,26.12,80.31,6.87,42.08,watermelon
37,57,21,34.02,63.83,6.32,69.43,blackgram
31,25,12,15.21,94.95,7.37,119.31,orange
86,17,50,26.91,87.46,6.18,40.97,watermelon
30,134,197,23.03,91.78,6.49,106.56,apple
34,123,195,23.14,91.0,5.63,116.9,apple
85,28,27,26.9,69.83,6.53,184.14,coffee
25,71,22,27.31,62.44,6.46,65.64,blackgram
84,17,45,24.09,87.13,6.05,43.99,watermelon
106,58,23,25.36,78.89,6.23,99.59,cotton
72,47,16,25.51,62.99,7.0,77.54,maize
43,67,17,33.97,61.96,6.03,73.62,blackgram
11,120,199,14.71,83.44,6.36,67.99,grapes
43,71,79,19.03,16.33,6.92,99.71,chickpea
21,133,195,28.1,81.84,5.87,68.84,grapes
9,23,26,28.81,94.29,5.55,155.17,coconut
90,81,54,25.26,75.38,6.22,126.9,banana
15,32,24,28.57,80.43,7.17,49.96,mungbean
21,55,15,26.25,64.08,3.57,55.8,mothbeans
109,39,18,24.73,83.58,6.52,71.84,cotton
38,57,18,21.38,22.45,5.76,134.61,kidneybeans
109,39,24,25.51,82.56,6.67,79.12,cotton
97,16,49,24.88,82.16,6.16,44.69,watermelon
31,23,30,26.76,96.45,6.05,206.92,coconut
11,125,203,26.48,83.62,6.39,66.18,grapes
9,144,199,21.22,94.95,5.58,116.54,apple
31,65,50,24.97,80.39,6.02,170.69,papaya
82,36,45,22.07,81.61,6.27,196.39,rice
86,6,49,26.49,80.49,6.85,48.23,watermelon
107,20,35,23.53,59.88,6.87,194.36,coffee
6,133,196,20.16,92.94,5.56,123.96,apple
1,143,205,9.24,83.36,6.34,68.99,grapes
18,40,25,36.46,46.97,6.69,88.18,mango
14,23,35,29.0,91.33,5.61,222.99,coconut
12,64,15,22.76,64.31,6.35,40.07,lentil
22,33,25,31.66,88.21,6.85,56.43,mungbean
118,17,45,29.68,93.6,6.58,26.89,muskmelon
3,15,34,25.02,94.95,5.6,207.89,coconut
2,15,7,18.57,92.57,7.63,123.31,orange
86,10,49,29.63,90.13,6.56,22.14,muskmelon
39,28,12,24.84,90.86,6.56,104.77,orange
34,69,16,23.08,30.6,6.91,95.13,pigeonpeas
12,131,203,22.08,93.94,5.73,112.26,apple
46,75,80,20.16,17.49,7.36,71.64,chickpea
32,63,16,32.76,63.93,6.21,65.11,blackgram
89,38,34,24.18,67.54,6.82,180.88,coffee
21,63,22,16.85,18.47,5.62,131.51,kidneybeans
35,6,32,25.58,90.23,5.55,225.88,coconut
54,66,80,17.29,17.62,7.34,86.68,chickpea
14,40,24,28.51,55.62,9.12,49.35,mothbeans
35,31,23,25.7,47.78,4.59,32.19,mothbeans
36,126,197,17.62,84.66,6.13,67.88,grapes
60,64,85,19.9,17.56,7.3,81.77,chickpea
32,35,14,20.31,91.51,6.54,115.97,orange
20,60,18,28.46,64.18,6.17,50.61,lentil
47,74,15,34.57,68.9,6.98,69.6,blackgram
85,81,52,29.02,80.09,5.56,119.2,banana
34,19,30,27.1,99.81,5.85,222.96,coconut
3,25,6,18.55,92.39,6.99,114.7,orange
71,48,36,20.27,83.09,5.5,258.69,rice
8,34,24,29.87,83.25,6.06,46.8,mungbean
2,11,31,25.71,97.09,6.35,201.73,coconut
9,144,197,27.41,82.91,5.63,69.62,grapes
15,38,15,30.19,62.87,4.73,66.12,mothbeans
16,25,31,26.31,96.45,6.35,176.15,coconut
37,74,23,22.03,19.42,5.76,69.38,kidneybeans
16,10,30,25.24,96.51,5.72,147.37,coconut
16,38,20,30.4,48.34,9.12,65.76,mothbeans
108,76,45,29.92,83.41,5.54,132.92,banana
28,13,14,31.62,90.21,6.05,111.19,orange
113,13,45,25.44,83.76,6.36,40.78,watermelon
82,28,31,24.19,60.07,6.93,190.75,coffee
53,67,20,30.9,60.67,7.25,66.77,blackgram
99,20,52,27.41,92.53,6.13,24.77,muskmelon
107,35,30,23.8,62.65,6.05,164.66,coffee
89,14,54,29.88,92.56,6.73,24.11,muskmelon
37,145,203,23.69,92.12,5.78,111.77,apple
109,79,54,28.31,78.56,6.31,114.74,banana
99,42,17,22.34,59.32,6.0,96.53,maize
105,14,50,28.68,90.11,6.52,23.92,muskmelon
34,61,25,26.63,61.84,6.3,68.87,blackgram
6,123,203,22.87,93.85,5.96,117.85,apple
38,60,18,28.77,63.39,6.09,69.86,blackgram
18,32,24,27.29,58.84,4.82,36.38,mothbeans
110,14,51,26.47,88.79,6.49,49.46,watermelon
86,85,49,27.96,83.87,6.39,137.29,banana
109,13,46,25.74,83.88,6.17,43.4,watermelon
20,58,24,30.63,59.73,5.5,65.69,mothbeans
60,52,35,22.64,83.75,5.59,279.5,rice
5,6,31,27.97,95.89,6.18,173.29,coconut
7,39,33,35.43,48.03,5.57,78.83,mango
36,130,199,27.64,82.29,6.18,69.97,grapes
2,10,44,22.33,92.81,6.7,108.34,pomegranate
37,75,20,23.52,20.42,5.54,108.83,kidneybeans
8,129,197,29.1,84.66,6.29,72.23,grapes
89,56,37,26.55,78.08,6.94,194.46,jute
96,44,44,22.64,81.21,5.31,210.17,rice
118,35,21,25.07,80.1,6.15,83.73,cotton
22,37,25,31.12,88.99,6.83,60.31,mungbean
49,70,16,27.98,62.98,6.48,66.64,blackgram
38,76,22,22.87,18.67,5.68,148.03,kidneybeans
66,46,42,20.24,84.55,5.39,259.5,rice
4,136,202,16.91,82.53,6.47,67.76,grapes
35,140,205,20.13,90.01,5.58,119.07,apple
15,8,38,19.33,89.01,6.95,103.97,pomegranate
27,66,20,31.9,55.63,5.54,166.27,pigeonpeas
92,40,22,24.38,61.58,6.78,103.36,maize
83,37,16,25.08,60.3,6.16,80.22,maize
6,121,195,23.94,90.15,6.5,115.59,apple
29,55,25,30.67,36.51,5.91,168.03,pigeonpeas
11,24,26,28.31,90.44,6.34,162.39,coconut
25,74,23,21.88,50.79,4.69,144.77,pigeonpeas
36,63,48,30.51,94.26,6.6,43.12,papaya
51,53,49,32.61,90.07,6.2,181.01,papaya
34,73,81,20.14,16.13,6.82,84.24,chickpea
36,31,13,15.4,93.5,6.51,101.21,orange
64,59,35,20.94,80.14,6.13,254.44,rice
19,19,12,21.62,91.35,7.02,113.2,orange
19,57,18,24.38,63.96,6.42,68.2,lentil
16,20,28,35.17,54.6,6.48,84.15,mango
101,74,48,26.78,81.97,6.06,119.32,banana
91,80,51,29.35,82.64,5.75,101.82,banana
74,40,36,24.82,74.11,7.13,172.57,jute
8,140,203,24.1,83.55,5.7,67.11,grapes
33,50,48,28.18,87.11,6.41,216.85,papaya
32,127,204,22.8,94.61,5.87,122.55,apple
11,141,198,14.95,81.57,6.13,66.06,grapes
115,7,46,26.34,86.09,6.97,45.6,watermelon
130,53,25,26.64,83.21,5.84,94.97,cotton
40,61,20,20.49,21.68,5.61,136.22,kidneybeans
114,11,52,25.02,83.24,6.59,41.0,watermelon
0,71,18,24.41,59.0,5.85,68.49,pigeonpeas
28,75,15,29.82,62.09,5.7,47.12,lentil
90,20,50,28.61,94.55,6.85,21.27,muskmelon
112,81,46,29.0,80.08,5.73,142.27,banana
14,64,22,28.91,67.6,6.51,50.53,lentil
35,136,197,21.2,92.89,5.88,113.37,apple
19,55,22,15.73,18.46,5.67,137.97,kidneybeans
12,27,34,32.69,48.83,6.39,72.23,mango
87,43,17,25.65,63.62,6.71,92.76,maize
9,33,11,28.34,91.17,7.18,117.12,orange
15,28,35,33.77,52.03,6.89,81.25,mango
22,24,31,28.82,96.88,5.82,189.09,coconut
85,60,36,23.33,84.16,5.46,277.97,rice
20,5,10,23.61,92.05,6.75,127.77,orange
101,31,27,24.97,69.73,6.43,165.29,coffee
100,35,15,22.69,76.2,6.55,60.24,cotton
28,74,19,24.81,56.27,5.1,86.82,pigeonpeas
35,66,25,33.54,60.13,6.77,72.69,blackgram
82,5,53,28.22,90.57,6.68,27.02,muskmelon
7,36,21,29.75,80.51,6.64,60.81,mungbean
93,35,26,24.24,62.26,6.4,150.59,coffee
82,60,44,26.64,84.43,5.39,181.84,rice
89,20,55,28.16,92.67,6.84,25.83,muskmelon
38,55,51,26.8,85.09,6.68,52.21,papaya
60,53,48,25.98,88.58,6.89,139.79,papaya
16,60,15,28.13,88.17,7.4,42.38,mungbean
8,131,199,27.47,82.89,5.72,67.69,grapes
10,15,35,29.86,49.24,6.12,60.99,mango
2,57,17,30.33,81.2,6.86,46.42,mungbean
39,79,85,19.95,17.98,6.95,94.55,chickpea
73,55,22,25.93,57.05,6.07,106.32,maize
16,31,28,29.57,52.14,5.7,76.1,mango
6,18,44,21.0,86.89,6.28,102.68,pomegranate
12,14,31,26.39,94.64,5.95,192.54,coconut
12,39,25,27.79,50.27,5.51,83.55,mango
64,39,20,25.75,63.84,6.89,109.75,maize
2,13,34,25.91,96.1,6.23,168.3,coconut
17,42,25,24.24,45.11,5.71,45.53,mothbeans
119,74,45,27.16,84.67,5.95,107.14,banana
7,30,31,26.8,90.17,5.69,207.72,coconut
65,46,38,26.25,82.7,6.21,287.53,rice
10,71,18,31.35,41.92,4.76,169.46,pigeonpeas
87,24,34,27.35,50.12,6.39,163.88,coffee
27,67,82,17.34,18.3,6.14,67.49,chickpea
38,27,35,25.02,99.31,5.86,175.72,coconut
8,78,22,30.38,59.54,5.29,150.28,pigeonpeas
37,59,47,32.48,83.86,6.56,151.94,papaya
114,11,54,27.82,94.36,6.48,23.06,muskmelon
5,41,15,30.33,85.57,6.51,43.36,mungbean
79,58,40,25.46,83.21,5.13,199.4,rice
119,17,30,23.7,57.42,6.71,169.25,coffee
27,66,21,34.49,68.8,7.36,74.92,blackgram
5,18,36,21.16,92.19,6.59,104.92,pomegranate
13,141,195,23.46,92.5,5.64,105.45,apple
96,13,45,24.54,82.26,6.03,50.84,watermelon
55,56,76,20.17,17.93,7.98,74.93,chickpea
105,18,51,26.5,88.51,6.42,41.0,watermelon
95,75,45,26.17,83.64,5.81,134.71,banana
84,21,30,26.16,52.42,6.27,175.38,coffee
83,32,29,26.85,52.86,6.2,184.3,coffee
6,76,21,20.45,23.88,5.61,96.36,kidneybeans
2,57,22,31.63,62.04,7.3,61.69,mothbeans
80,8,55,26.42,87.63,6.39,54.32,watermelon
31,55,25,26.32,64.4,6.97,68.81,blackgram
92,80,53,28.23,83.92,6.23,125.42,banana
133,55,19,23.56,76.21,6.8,79.74,cotton
26,59,23,15.93,18.18,5.91,78.88,kidneybeans
98,43,20,23.16,59.22,5.7,105.03,maize
104,17,48,28.61,91.02,6.16,28.8,muskmelon
4,16,8,30.6,93.92,7.04,125.74,orange
4,7,45,19.05,90.38,6.58,106.45,pomegranate
76,47,25,20.67,62.71,5.66,63.76,maize
96,16,53,29.49,91.61,6.24,22.63,muskmelon
10,120,199,25.36,81.75,5.9,68.94,grapes
59,70,46,30.65,89.86,6.19,122.05,papaya
96,16,47,27.43,90.05,6.81,21.76,muskmelon
4,24,13,29.46,93.22,7.46,114.34,orange
89,10,45,28.13,90.32,6.91,24.16,muskmelon
86,48,40,24.27,82.81,6.65,154.62,jute
5,142,203,13.14,81.32,5.54,66.23,grapes
98,42,45,24.78,76.93,7.25,187.92,jute
93,40,35,23.65,82.01,6.74,159.72,jute
80,29,33,25.8,69.63,6.52,196.38,coffee
120,53,18,23.37,83.79,6.75,97.17,cotton
3,13,37,19.17,94.86,6.82,102.81,pomegranate
105,36,23,24.59,75.74,6.72,94.74,cotton
21,71,19,23.06,23.06,5.63,62.8,kidneybeans
22,6,12,34.63,91.69,7.41,106.68,orange
119,30,31,27.26,54.94,6.02,180.96,coffee
30,65,15,16.01,23.08,5.77,135.76,kidneybeans
3,134,195,24.15,80.28,6.39,72.03,grapes
40,126,201,21.67,83.89,6.0,68.58,grapes
32,58,84,17.49,15.09,7.36,71.35,chickpea
22,37,35,35.66,47.41,4.7,74.26,mango
30,17,43,18.43,92.34,6.52,102.13,pomegranate
68,60,53,29.73,83.92,6.72,107.48,papaya
19,70,25,21.86,23.95,5.87,126.6,kidneybeans
93,20,30,25.86,67.36,6.93,166.8,coffee
38,9,39,20.39,94.53,6.9,107.14,pomegranate
40,51,24,28.26,86.5,6.32,43.05,mungbean
34,66,48,23.98,90.15,6.68,245.61,papaya
38,77,23,15.3,22.05,5.52,100.55,kidneybeans
16,39,17,28.42,59.74,6.21,28.41,mothbeans
39,13,35,25.27,97.03,6.39,197.23,coconut
34,73,16,22.15,66.54,6.03,61.6,lentil
20,15,45,23.45,86.71,6.45,102.1,pomegranate
21,31,28,35.02,53.51,5.71,76.64,mango
11,61,18,20.1,67.07,6.57,71.44,lentil
29,65,15,33.2,68.88,6.3,67.84,blackgram
115,90,49,29.46,79.11,5.65,126.22,banana
110,9,52,26.91,80.95,6.39,46.1,watermelon
83,88,47,28.1,81.63,6.34,110.77,banana
99,17,52,26.46,80.59,6.61,45.67,watermelon
29,30,7,22.74,91.26,6.33,110.48,orange
63,39,22,18.18,61.51,6.66,78.72,maize
4,65,21,20.09,65.47,6.57,55.56,lentil
105,94,49,28.99,82.07,5.69,118.34,banana
18,69,18,16.13,22.22,5.77,68.69,kidneybeans
59,62,48,25.22,92.52,6.42,161.19,papaya
10,55,24,31.1,80.42,6.75,57.23,mungbean
30,15,30,26.37,91.75,5.83,157.95,coconut
117,37,23,24.83,75.77,5.74,75.52,cotton
35,20,35,19.29,89.98,6.28,107.31,pomegranate
70,58,51,31.59,81.01,6.25,209.67,papaya
93,37,22,23.78,63.56,6.75,79.86,maize
109,41,24,26.35,81.34,6.77,70.45,cotton
4,127,199,23.86,94.11,5.7,104.65,apple
8,145,196,9.93,83.17,6.41,67.09,grapes
115,27,34,23.22,69.49,6.02,197.38,coffee
98,23,31,25.22,63.23,6.69,193.58,coffee
108,17,55,25.94,84.13,6.41,50.19,watermelon
75,52,39,24.7,82.08,6.08,192.11,jute
35,68,22,27.97,60.77,6.25,66.27,blackgram
26,40,27,28.01,54.62,6.13,78.24,mango
102,51,22,24.33,77.57,6.78,74.22,cotton
88,49,35,20.11,82.12,5.59,215.22,rice
39,6,7,23.22,92.69,6.5,126.73,orange
14,134,202,25.26,84.13,6.41,73.8,grapes
51,57,18,34.34,64.02,6.7,72.06,blackgram
31,42,16,29.79,82.31,6.75,58.29,mungbean
93,14,50,26.92,86.63,6.41,44.21,watermelon
99,49,19,21.03,62.44,5.81,99.39,maize
4,56,24,22.43,66.64,5.68,73.39,lentil
20,64,24,19.19,19.56,5.87,148.32,kidneybeans
23,142,204,22.25,81.05,5.65,74.04,grapes
73,37,35,25.05,81.18,5.38,184.85,rice
22,21,10,28.62,94.49,7.78,129.29,orange
31,57,76,19.53,18.4,6.26,90.05,chickpea
17,137,199,14.88,84.57,6.34,73.48,grapes
110,18,53,27.19,94.17,6.78,21.85,muskmelon
38,135,197,20.28,91.05,5.79,119.66,apple
4,61,16,21.45,65.38,6.3,54.2,lentil
4,39,21,30.7,61.47,8.36,41.96,mothbeans
18,53,20,26.37,55.49,7.4,45.32,mothbeans
71,52,25,25.75,56.86,6.8,98.83,maize
51,62,84,17.08,14.49,7.94,75.34,chickpea
25,20,41,21.55,89.42,6.13,102.91,pomegranate
115,20,45,26.41,81.38,6.78,51.96,watermelon
20,18,14,18.54,90.14,7.82,100.25,orange
10,56,19,30.27,54.15,5.53,52.72,mothbeans
76,35,23,23.64,60.98,6.19,63.8,maize
28,65,23,24.84,40.82,6.61,103.87,pigeonpeas
6,20,38,21.82,91.84,6.19,105.21,pomegranate
0,71,17,27.17,50.27,5.47,186.92,pigeonpeas
30,124,201,12.91,84.61,5.93,74.86,grapes
18,52,22,27.03,49.29,7.52,51.65,mothbeans
8,71,25,24.61,20.34,5.69,90.63,kidneybeans
31,59,22,25.57,63.79,4.64,48.39,mothbeans
88,47,39,23.6,79.32,7.02,191.61,jute
22,129,197,23.2,94.59,6.1,120.08,apple
134,55,16,26.22,78.29,5.63,88.2,cotton
5,75,23,20.84,64.83,6.14,42.62,lentil
107,36,32,25.79,51.13,6.17,164.26,coffee
83,73,49,25.52,77.68,6.02,128.29,banana
21,130,202,24.55,83.77,6.22,71.69,grapes
28,44,19,29.88,85.64,6.75,41.73,mungbean
64,70,55,37.0,82.57,6.77,86.92,papaya
92,57,19,18.21,56.81,6.37,81.07,maize
98,21,30,25.07,69.54,6.58,193.34,coffee
94,19,47,26.54,80.1,6.4,53.61,watermelon
36,71,24,18.8,52.59,6.83,178.19,pigeonpeas
26,68,18,33.05,68.45,6.59,65.51,blackgram
30,49,23,30.46,84.58,6.34,55.35,mungbean
31,63,76,19.54,15.33,7.96,91.19,chickpea
27,73,18,33.33,49.06,6.99,68.33,pigeonpeas
61,45,37,26.32,83.09,6.47,252.97,rice
119,30,29,24.0,51.22,6.24,171.31,coffee
92,38,27,26.74,58.89,6.94,191.19,coffee
77,36,25,21.62,57.25,6.18,67.04,maize
29,29,14,33.77,90.61,6.42,100.89,orange
101,20,51,27.06,93.36,6.52,28.99,muskmelon
31,125,199,23.94,90.9,6.27,108.47,apple
40,67,55,28.5,92.1,6.29,93.32,papaya
32,65,16,30.76,61.61,6.71,70.53,blackgram
100,14,48,26.08,80.71,6.19,51.57,watermelon
32,75,76,17.27,14.15,6.27,98.71,chickpea
22,20,12,31.24,93.59,7.46,103.01,orange
23,10,44,21.39,85.15,6.92,109.76,pomegranate
41,67,53,23.99,80.34,6.05,95.37,papaya
15,125,197,20.58,90.67,6.44,120.11,apple
11,80,17,18.55,23.65,5.83,121.08,kidneybeans
32,64,18,22.98,20.23,5.73,95.76,kidneybeans
105,8,52,25.71,87.61,6.15,48.58,watermelon
94,50,41,26.55,75.05,6.56,192.3,jute
17,34,26,31.83,46.12,4.79,92.06,mango
28,20,40,18.34,90.73,6.82,103.27,pomegranate
20,74,19,30.45,60.78,7.43,67.47,blackgram
100,48,22,24.16,81.87,5.93,93.99,cotton
9,75,19,24.46,23.1,5.83,101.61,kidneybeans
20,6,34,29.5,96.88,6.49,209.03,coconut
87,41,43,24.36,81.65,5.1,217.32,rice
28,73,21,29.97,62.64,5.92,72.57,lentil
83,38,25,25.6,62.86,5.63,80.88,maize
20,79,79,17.37,15.54,7.58,95.26,chickpea
95,14,49,27.69,93.86,6.34,21.43,muskmelon
19,29,5,17.16,92.14,6.2,118.57,orange
17,18,44,18.39,89.27,6.47,109.29,pomegranate
35,64,83,20.29,14.01,6.6,99.34,chickpea
23,57,24,26.09,60.17,6.01,67.85,lentil
87,52,21,23.27,55.27,5.83,71.55,maize
21,61,17,17.76,22.72,5.99,93.41,kidneybeans
9,5,28,29.77,94.23,5.67,213.41,coconut
91,17,48,29.18,90.54,6.21,21.48,muskmelon
116,13,54,24.97,81.36,6.89,47.06,watermelon
21,51,16,29.34,60.93,4.6,20.96,mothbeans
67,56,23,24.4,56.79,6.48,71.91,maize
83,40,21,24.35,56.07,6.78,97.3,maize
17,31,20,27.47,64.93,7.13,36.06,mothbeans
24,55,75,19.34,18.13,6.79,81.8,chickpea
20,60,21,28.03,67.31,7.05,70.89,blackgram
79,36,36,23.54,71.48,7.49,182.78,jute
52,51,53,25.23,83.07,6.18,42.94,papaya
20,66,23,16.83,18.13,5.86,97.62,kidneybeans
113,14,48,28.49,90.85,6.13,29.33,muskmelon
33,26,12,20.74,92.5,6.91,110.33,orange
46,69,23,29.15,60.24,6.5,66.77,blackgram
30,69,22,21.73,65.14,6.79,56.34,lentil
87,55,19,23.11,58.98,5.91,109.2,maize
22,46,15,27.68,47.66,8.85,22.85,mothbeans
18,11,45,18.14,90.87,6.46,105.18,pomegranate
17,59,21,30.71,60.13,8.85,66.64,mothbeans
85,17,45,25.79,89.16,6.29,42.78,watermelon
93,14,48,26.43,81.35,6.47,54.08,watermelon
36,58,17,29.42,86.94,6.83,45.41,mungbean
84,51,45,24.28,80.7,5.44,223.96,rice
98,5,45,27.76,90.37,6.1,28.13,muskmelon
38,60,19,23.77,39.22,4.5,162.11,pigeonpeas
73,52,44,22.13,80.49,6.03,232.82,rice
102,28,28,23.85,52.13,6.91,199.88,coffee
37,45,25,31.99,48.17,8.36,60.33,mothbeans
41,69,76,19.65,19.87,6.75,65.61,chickpea
108,73,49,29.41,80.94,6.11,120.17,banana
12,56,18,30.59,41.58,8.55,61.08,mothbeans
46,69,77,19.32,14.54,7.44,79.0,chickpea
32,60,24,18.9,62.23,6.11,52.17,lentil
94,12,49,25.58,83.24,6.11,46.64,watermelon
13,33,35,30.18,52.31,5.22,89.48,mango
83,41,40,25.25,85.26,6.55,177.26,jute
57,64,53,35.94,93.11,6.13,76.29,papaya
13,58,23,19.6,62.43,5.94,72.35,lentil
37,45,46,33.24,88.09,6.87,67.75,papaya
109,19,50,26.93,83.33,6.6,41.35,watermelon
47,76,81,19.93,18.62,6.02,79.57,chickpea
26,38,16,27.92,85.94,6.62,43.16,mungbean
84,7,53,27.3,93.05,6.2,22.51,muskmelon
29,76,20,20.18,19.79,5.97,83.34,kidneybeans
9,54,21,29.63,81.11,7.3,47.43,mungbean
57,69,55,36.19,93.89,6.16,125.63,papaya
11,59,24,19.99,49.94,5.46,181.21,pigeonpeas
16,30,24,29.42,54.14,9.54,39.37,mothbeans
87,40,33,27.5,69.4,6.63,188.2,coffee
14,48,25,27.22,86.93,6.97,45.79,mungbean
106,5,48,25.0,84.27,6.14,40.33,watermelon
15,134,200,25.73,83.01,5.8,73.88,grapes
27,72,79,17.38,18.04,6.89,95.38,chickpea
101,9,55,25.19,89.64,6.54,44.32,watermelon
30,34,34,36.44,54.03,6.68,62.85,mango
5,14,6,15.0,91.81,7.48,117.99,orange
21,9,12,29.28,91.85,6.56,105.41,orange
82,50,43,20.79,84.65,6.46,299.51,rice
85,40,41,24.7,83.81,5.36,267.39,rice
31,125,200,13.4,82.24,5.82,72.44,grapes
71,54,19,20.76,62.74,6.04,103.05,maize
28,56,21,29.3,48.67,6.04,27.93,mothbeans
23,57,21,29.44,67.19,6.9,58.47,lentil
140,60,25,25.41,75.38,6.41,79.39,cotton
72,38,35,24.7,83.09,5.54,193.63,rice
21,138,197,22.06,93.43,6.15,110.61,apple
35,21,10,20.02,93.69,7.61,108.38,orange
34,145,203,17.13,83.08,5.98,69.6,grapes
11,75,25,21.64,46.47,6.84,120.28,pigeonpeas
38,13,28,28.4,96.07,6.06,217.48,coconut
118,19,33,25.87,66.26,6.79,194.51,coffee
40,9,11,18.72,92.43,7.66,128.52,orange
19,31,12,24.41,91.59,7.25,119.58,orange
11,76,23,18.41,18.99,5.59,145.33,kidneybeans
133,47,18,26.98,78.75,6.4,94.25,cotton
120,16,45,25.86,81.13,6.16,46.56,watermelon
118,90,54,25.47,76.26,5.91,138.12,banana
119,78,53,29.6,78.11,5.71,142.42,banana
94,5,50,27.24,92.15,6.55,23.29,muskmelon
40,27,7,15.14,90.22,7.81,115.83,orange
31,137,195,19.9,83.58,6.06,73.55,grapes
13,34,16,27.64,88.0,7.29,43.77,mungbean
21,66,17,21.52,23.7,5.8,126.92,kidneybeans
38,137,201,20.25,84.47,6.47,65.46,grapes
71,58,39,21.94,80.94,5.7,222.4,rice
78,54,41,21.22,83.45,5.58,292.41,rice
36,63,46,28.54,89.35,6.84,183.36,papaya
6,55,15,31.61,59.41,7.47,62.87,mothbeans
37,73,22,27.55,64.73,6.06,71.99,blackgram
78,60,35,23.78,83.42,5.92,293.27,rice
34,49,16,27.38,82.35,7.25,63.71,mungbean
40,70,23,20.54,18.03,5.88,63.18,kidneybeans
45,68,20,32.3,64.9,6.95,72.4,blackgram
34,33,20,30.38,86.58,6.11,49.88,mungbean
61,40,40,23.83,80.92,6.45,273.02,rice
11,66,15,26.49,62.52,6.17,44.32,lentil
115,74,45,25.59,80.28,5.63,129.62,banana
39,72,24,19.48,21.35,5.58,115.21,kidneybeans
91,54,37,24.46,83.63,6.46,241.96,rice
40,69,50,23.28,83.3,6.01,190.39,papaya
95,58,20,21.18,64.69,6.8,100.85,maize
37,69,19,15.33,19.82,5.83,144.45,kidneybeans
105,76,50,25.33,82.29,6.06,117.95,banana
45,79,79,18.6,17.48,7.07,86.28,chickpea
39,78,76,20.47,17.47,6.88,90.38,chickpea
32,16,25,31.04,49.6,4.54,71.35,mango
102,10,46,29.24,92.21,6.73,26.25,muskmelon
110,15,54,26.7,80.35,6.32,48.95,watermelon
30,75,19,29.44,62.82,6.12,73.77,blackgram
112,88,50,25.32,84.73,6.04,127.99,banana
62,58,44,25.81,79.92,6.65,197.72,jute
103,31,26,25.65,66.87,6.23,172.12,coffee
35,19,30,26.78,91.09,6.45,183.96,coconut
120,35,17,25.24,75.28,5.52,65.18,cotton
12,51,15,29.05,53.31,4.25,50.28,mothbeans
32,63,79,19.27,18.43,7.76,79.14,chickpea
27,51,19,27.42,82.11,7.13,41.28,mungbean
65,58,54,25.79,91.38,6.56,103.05,papaya
10,55,25,31.43,49.48,8.9,62.12,mothbeans
107,43,16,22.39,78.92,5.73,75.07,cotton
8,55,18,30.77,85.78,7.36,60.44,mungbean
102,18,46,29.2,90.15,6.62,27.61,muskmelon
115,95,50,28.46,80.56,6.2,120.6,banana
28,122,205,21.67,92.2,6.13,119.36,apple
70,58,38,22.93,84.84,5.82,230.82,rice
84,13,45,27.72,92.78,6.11,29.33,muskmelon
70,53,43,23.22,82.92,5.6,263.72,rice
5,33,18,30.63,87.85,7.49,55.14,mungbean
102,15,45,26.33,87.39,6.89,46.72,watermelon
116,45,19,25.99,84.65,5.73,60.73,cotton
45,58,76,18.3,18.42,6.95,78.16,chickpea
107,11,54,24.6,84.95,6.74,51.56,watermelon
29,66,17,17.68,22.73,5.79,119.29,kidneybeans
114,5,46,24.33,84.06,6.77,46.53,watermelon
34,17,32,28.09,97.18,5.89,221.44,coconut
25,70,23,27.57,68.64,6.19,56.63,lentil
18,144,195,8.77,84.56,6.28,69.51,grapes
16,12,15,15.64,93.12,6.83,116.81,orange
92,40,16,21.63,60.49,6.32,70.09,maize
98,44,41,22.94,81.28,5.92,189.79,rice
99,52,23,20.05,62.26,6.39,65.11,maize
45,68,84,20.2,15.2,6.33,68.66,chickpea
88,48,39,20.66,81.56,6.47,201.04,rice
14,34,22,30.86,59.59,6.29,30.05,mothbeans
76,40,41,22.98,81.11,5.59,287.03,rice
114,8,51,26.76,89.79,6.01,49.34,watermelon
29,25,25,26.83,98.29,5.9,143.06,coconut
66,39,25,25.69,59.65,6.82,60.26,maize
98,37,24,20.17,61.44,6.11,61.27,maize
1,58,25,26.17,68.79,6.27,58.87,lentil
38,74,24,29.24,63.42,7.44,69.45,blackgram
83,59,21,19.32,55.34,5.97,99.02,maize
61,44,42,26.14,82.76,5.25,229.35,rice
67,42,37,25.01,73.24,6.55,154.93,jute
4,10,35,26.28,91.2,6.41,229.82,coconut
2,35,17,29.09,48.11,5.25,29.55,mothbeans
26,28,32,27.36,99.0,5.84,166.49,coconut
6,20,37,21.81,90.52,6.36,104.47,pomegranate
98,49,22,22.32,62.91,5.98,91.29,maize
58,64,83,17.38,17.74,6.9,85.53,chickpea
80,19,53,24.92,81.58,6.17,51.41,watermelon
7,66,25,30.81,35.48,6.99,133.81,pigeonpeas
85,9,49,25.3,87.86,6.46,54.11,watermelon
27,70,22,29.17,60.51,6.32,71.17,lentil
84,16,47,28.84,92.16,6.07,24.88,muskmelon
76,60,38,25.64,83.74,5.28,205.12,rice
110,16,27,25.56,51.87,6.92,167.2,coffee
16,70,16,19.84,67.28,6.4,65.59,lentil
21,67,18,34.97,67.2,6.43,73.8,blackgram
108,16,51,27.72,90.21,6.62,25.63,muskmelon
77,49,18,22.3,60.87,6.62,81.58,maize
29,63,16,21.45,47.42,5.33,107.85,pigeonpeas
80,50,40,26.47,84.6,5.38,263.45,rice
6,54,17,30.4,43.08,8.04,40.81,mothbeans
118,6,45,28.28,93.29,6.26,20.12,muskmelon
95,6,52,27.43,94.06,6.22,27.17,muskmelon
16,131,203,16.42,81.11,6.32,71.08,grapes
35,20,42,19.03,91.46,6.23,101.57,pomegranate
100,12,53,26.6,82.95,6.0,43.36,watermelon
79,38,35,24.87,78.5,6.43,158.61,jute
139,51,21,26.31,84.34,6.84,91.05,cotton
107,41,23,25.17,77.57,5.58,60.41,cotton
36,61,23,29.35,69.21,6.52,65.55,blackgram
24,15,38,21.81,87.7,6.7,106.59,pomegranate
26,64,17,15.23,22.54,5.73,86.03,kidneybeans
26,69,79,18.52,17.29,7.19,84.1,chickpea
51,55,47,24.38,93.84,6.0,227.7,papaya
37,64,83,19.3,16.88,6.63,86.22,chickpea
95,12,52,25.75,86.89,6.57,50.25,watermelon
89,20,51,27.33,94.2,7.0,22.93,muskmelon
82,49,15,19.86,64.0,6.08,87.18,maize
114,20,27,24.23,63.03,6.83,172.97,coffee
30,51,16,30.04,83.89,6.36,42.37,mungbean
54,66,76,18.89,17.21,6.36,75.93,chickpea
70,46,51,32.7,80.6,6.39,125.33,papaya
115,32,30,23.96,65.87,6.03,199.13,coffee
78,55,39,22.42,81.74,5.05,245.85,rice
114,18,50,29.43,91.33,6.22,28.25,muskmelon
77,48,36,23.4,82.24,6.49,201.11,rice
88,42,36,24.3,73.01,6.93,170.99,jute
110,40,19,24.97,84.74,5.99,96.93,cotton
25,79,25,26.72,66.78,4.94,89.95,pigeonpeas
32,59,23,25.51,66.18,6.31,70.88,blackgram
93,12,45,29.88,94.1,6.85,21.72,muskmelon
21,6,32,28.71,99.49,6.44,174.41,coconut
98,54,45,25.46,82.98,5.67,192.0,rice
22,19,15,27.5,91.26,7.34,122.41,orange
9,36,28,30.98,48.17,5.67,71.42,mango
14,35,32,36.35,48.63,5.48,64.24,mango
86,15,54,29.51,93.92,6.82,27.24,muskmelon
72,35,36,20.26,80.67,5.02,189.04,rice
28,144,199,20.85,93.16,6.48,107.77,apple
0,46,16,30.36,86.82,6.47,43.33,mungbean
49,52,47,24.86,94.11,6.52,249.42,papaya
104,72,55,25.21,78.47,5.77,134.3,banana
23,68,15,33.58,60.97,7.06,68.46,blackgram
114,20,54,29.69,90.29,6.14,27.17,muskmelon
16,134,198,20.32,92.09,6.44,118.04,apple
28,27,33,27.08,97.87,6.05,189.23,coconut
60,62,53,34.86,81.57,6.45,100.29,papaya
9,64,19,24.82,62.18,5.2,89.5,pigeonpeas
89,53,36,24.53,78.22,7.01,189.21,jute
28,132,197,23.08,90.71,6.33,100.2,apple
35,131,205,22.99,92.35,6.28,118.66,apple
65,39,23,19.9,56.02,5.73,72.3,maize
35,43,17,30.29,89.98,6.68,48.87,mungbean
5,124,195,21.98,92.14,6.46,105.37,apple
35,55,22,24.21,68.48,6.53,50.15,lentil
36,141,195,19.32,81.0,5.82,70.92,grapes
82,39,35,24.76,83.7,5.36,225.33,rice
98,13,53,26.88,86.93,6.8,45.96,watermelon
6,66,19,21.99,69.4,6.01,74.58,lentil
35,133,195,23.16,91.79,5.62,124.91,apple
39,126,201,15.52,84.62,5.52,70.81,grapes
56,74,84,17.16,14.73,6.9,97.69,chickpea
94,54,24,24.11,56.4,6.8,84.37,maize
120,91,46,29.12,83.57,5.92,104.47,banana
22,67,21,15.41,23.23,5.63,119.88,kidneybeans
39,10,10,27.68,94.4,7.78,128.73,orange
24,17,28,34.85,52.95,4.84,77.9,mango
107,39,33,26.41,54.13,6.11,191.47,coffee
64,56,47,22.83,84.27,6.82,56.78,papaya
39,128,205,12.33,80.28,5.7,65.09,grapes
40,129,199,10.35,83.6,6.35,67.57,grapes
7,14,31,25.73,96.99,5.52,217.08,coconut
126,39,21,26.21,83.23,5.85,63.94,cotton
99,55,36,23.78,82.93,6.45,252.84,rice
17,80,20,21.61,61.7,6.77,192.12,pigeonpeas
39,69,18,25.07,60.26,6.83,70.2,blackgram
46,75,82,20.52,17.91,7.07,76.35,chickpea
34,66,23,27.33,68.58,6.77,52.59,lentil
36,80,19,24.56,19.88,5.94,114.26,kidneybeans
17,124,201,21.67,92.25,6.33,102.45,apple
30,6,43,21.69,90.83,6.68,107.53,pomegranate
4,20,37,18.91,91.43,6.2,100.98,pomegranate
100,41,42,23.63,80.71,6.35,187.19,jute
100,11,53,27.47,91.69,6.02,23.64,muskmelon
20,57,24,33.95,35.75,5.58,186.53,pigeonpeas
91,48,35,23.96,83.68,6.13,162.24,jute
94,40,35,25.5,70.29,7.12,154.58,jute
37,28,25,36.34,46.84,5.13,76.27,mango
17,16,43,20.32,87.48,6.99,103.89,pomegranate
22,44,18,24.11,46.21,4.89,33.54,mothbeans
31,59,24,34.12,60.4,6.77,71.8,blackgram
90,56,44,26.51,80.35,5.31,260.54,rice
27,57,20,27.56,63.38,6.56,46.56,lentil
53,70,16,31.27,68.08,6.92,67.96,blackgram
1,59,24,28.06,44.7,4.0,54.81,mothbeans
35,123,197,29.35,80.88,6.1,69.24,grapes
112,20,54,24.31,81.81,6.13,44.91,watermelon
6,58,15,28.62,89.88,6.49,49.85,mungbean
124,38,17,22.79,83.61,6.17,96.68,cotton
42,56,54,29.41,84.68,6.48,106.68,papaya
93,12,45,26.36,86.74,6.12,50.42,watermelon
15,28,32,31.5,48.38,5.47,69.69,mango
96,71,46,27.91,78.57,5.66,125.19,banana
32,67,24,24.55,22.93,5.5,117.28,kidneybeans
31,30,18,30.07,85.81,6.38,58.91,mungbean
98,16,52,28.02,90.73,6.55,27.53,muskmelon
28,7,35,27.66,92.92,6.16,197.75,coconut
13,63,18,15.64,23.26,5.94,89.74,kidneybeans
36,7,45,19.0,85.14,6.57,109.32,pomegranate
24,56,21,33.29,65.08,6.93,69.78,blackgram
28,69,18,31.49,66.69,7.2,74.33,blackgram
90,5,46,25.82,85.76,6.16,41.87,watermelon
118,74,51,27.82,75.88,5.91,137.51,banana
2,5,35,19.21,93.72,6.61,101.57,pomegranate
88,22,34,27.12,61.1,6.3,159.88,coffee
36,58,50,31.76,87.13,6.85,138.99,papaya
76,53,35,25.1,71.67,7.26,180.65,jute
32,22,30,30.0,93.08,6.38,200.86,coconut
36,30,10,16.73,91.69,6.26,115.69,orange
14,7,27,29.79,95.89,5.51,145.37,coconut
110,16,50,25.18,83.35,6.21,45.67,watermelon
11,144,197,22.01,91.37,6.15,118.04,apple
46,56,53,32.09,86.49,6.82,81.22,papaya
105,15,50,27.21,90.13,6.26,25.38,muskmelon
99,13,55,27.36,93.8,6.93,24.58,muskmelon
104,38,24,24.08,75.93,6.23,63.63,cotton
18,120,202,10.41,82.84,6.43,65.55,grapes
88,57,35,26.94,87.65,7.43,167.13,jute
74,49,36,24.55,77.67,6.02,172.89,jute
26,144,202,22.88,80.46,6.23,68.47,grapes
11,59,18,28.22,60.53,5.66,59.91,lentil
79,47,37,25.76,84.75,6.09,253.61,rice
27,38,33,32.46,50.69,5.36,82.46,mango
17,59,17,29.07,67.62,6.39,46.72,lentil
16,126,205,21.07,91.74,6.21,113.88,apple
39,56,25,27.0,87.12,6.53,46.36,mungbean
30,11,33,25.11,96.1,5.87,177.41,coconut
96,46,37,25.74,83.26,5.31,212.88,rice
81,60,16,23.31,56.78,6.94,67.43,maize
19,23,35,35.36,47.65,5.62,81.51,mango
38,20,45,22.57,89.05,6.6,101.07,pomegranate
129,35,20,23.57,80.61,6.3,92.94,cotton
6,62,15,28.13,62.62,6.13,41.4,lentil
99,10,49,28.57,90.78,6.67,26.05,muskmelon
31,17,9,15.41,92.61,7.27,107.03,orange
32,121,195,25.89,84.79,6.38,74.33,grapes
12,53,17,28.93,58.57,8.3,46.07,mothbeans
108,23,34,24.53,54.95,6.38,152.77,coffee
15,56,16,18.15,18.02,5.84,75.04,kidneybeans
11,60,15,16.05,19.0,5.99,80.56,kidneybeans
80,89,53,27.13,79.42,6.17,115.77,banana
116,10,51,25.61,80.23,6.44,51.72,watermelon
15,59,21,23.23,61.29,6.61,62.51,lentil
4,67,17,22.12,68.52,6.34,58.02,lentil
106,24,30,23.62,68.3,6.14,176.88,coffee
38,79,15,18.59,32.08,4.86,89.88,pigeonpeas
68,53,50,24.04,93.47,6.24,114.16,papaya
47,69,51,29.19,81.57,6.61,194.97,papaya
38,22,7,22.83,94.58,6.25,112.55,orange
29,60,17,29.89,88.66,6.43,51.69,mungbean
83,45,16,19.34,64.91,5.85,107.14,maize
88,19,46,27.8,92.57,6.11,26.6,muskmelon
14,24,33,36.95,49.82,6.39,78.09,mango
65,37,43,26.67,81.65,5.83,248.68,rice
44,72,25,30.55,60.77,6.01,71.7,blackgram
74,57,44,26.04,84.75,5.22,291.19,rice
75,47,24,25.01,59.18,6.19,109.52,maize
0,122,199,17.5,84.09,6.34,70.2,grapes
37,66,21,22.93,64.45,6.36,74.42,lentil
96,37,38,23.71,89.65,6.56,160.02,jute
107,38,19,26.45,80.5,6.12,62.91,cotton
94,17,28,24.5,58.68,6.08,155.11,coffee
88,72,53,29.27,82.37,6.38,121.69,banana
21,38,27,31.1,49.82,4.68,71.13,mango
98,18,47,26.96,86.19,6.65,42.98,watermelon
11,25,14,33.35,91.96,7.69,100.01,orange
106,8,51,24.55,83.41,6.54,50.68,watermelon
13,35,16,27.27,63.1,4.23,45.82,mothbeans
20,79,18,26.25,58.94,4.52,142.52,pigeonpeas
137,38,21,22.94,83.06,5.7,69.69,cotton
129,54,19,26.74,79.64,5.59,89.17,cotton
3,143,205,23.37,93.81,5.56,124.96,apple
36,70,25,18.13,22.79,5.98,137.12,kidneybeans
130,36,25,22.79,76.37,6.38,95.92,cotton
27,29,27,28.94,47.15,6.35,67.57,mango
60,45,43,20.79,84.62,6.32,210.95,rice
37,130,199,23.92,94.4,5.78,102.65,apple
37,121,204,28.82,82.07,5.83,71.07,grapes
3,132,202,20.63,93.48,5.61,116.62,apple
39,59,16,27.01,68.9,6.17,65.04,blackgram
8,7,38,23.02,91.64,6.34,100.19,pomegranate
62,48,51,27.46,92.79,6.76,168.21,papaya
98,54,19,23.86,55.03,6.2,74.85,maize
34,11,26,26.31,92.45,6.47,140.74,coconut
8,33,30,28.75,54.87,5.9,87.5,mango
6,139,199,21.45,92.51,5.54,108.71,apple
10,136,201,18.18,84.03,5.68,74.6,grapes
5,34,7,16.3,93.81,6.85,118.8,orange
27,12,41,22.81,93.93,6.69,102.84,pomegranate
33,79,17,23.1,41.5,6.14,195.6,pigeonpeas
25,11,37,22.46,93.99,6.46,101.49,pomegranate
115,73,49,29.41,78.28,5.61,143.5,banana
99,79,49,26.69,84.36,6.41,110.47,banana
12,36,19,27.73,59.01,4.5,44.36,mothbeans
27,73,18,27.89,67.83,7.2,74.87,blackgram
25,40,22,27.47,89.64,6.2,43.79,mungbean
30,55,82,18.19,17.89,6.66,87.06,chickpea
28,55,24,26.81,62.69,6.3,67.47,blackgram
111,27,26,27.16,50.38,6.11,199.53,coffee
131,47,24,26.51,82.9,6.11,82.57,cotton
17,21,26,31.61,51.71,4.91,79.46,mango
34,63,51,26.89,90.92,6.09,178.47,papaya
17,25,12,33.98,94.24,6.67,112.0,orange
126,58,18,25.51,84.67,5.95,90.26,cotton
17,14,38,23.74,94.99,6.21,102.65,pomegranate
28,134,201,21.37,82.02,5.73,67.57,grapes
104,95,51,27.75,79.52,5.67,131.84,banana
64,40,24,20.59,59.25,6.26,72.12,maize
25,27,30,28.48,92.71,5.8,215.78,coconut
36,59,23,31.74,50.99,5.31,59.91,mothbeans
36,33,32,29.65,52.34,6.09,95.0,mango
13,40,33,31.34,53.19,6.76,64.79,mango
10,135,199,23.83,91.59,5.72,116.94,apple
96,9,48,27.6,91.16,6.8,25.63,muskmelon
22,68,20,21.62,69.0,6.44,55.35,lentil
28,11,43,19.02,93.78,6.27,109.82,pomegranate
115,92,54,27.25,82.96,6.05,132.5,banana
0,135,196,21.64,94.48,5.66,124.89,apple
1,33,9,21.74,92.84,7.66,127.97,orange
44,62,48,26.54,91.94,6.34,40.67,papaya
1,74,25,28.39,64.44,5.71,70.18,lentil
131,40,15,24.12,84.23,5.61,92.13,cotton
87,22,31,24.69,55.87,6.21,163.29,coffee
20,23,34,29.22,97.18,6.44,202.41,coconut
19,69,21,29.66,65.13,5.94,56.43,lentil
8,142,203,23.88,94.74,6.38,105.36,apple
114,7,50,27.02,94.49,6.93,29.61,muskmelon
50,64,24,30.18,62.14,6.42,69.0,blackgram
31,69,16,31.28,66.47,7.27,68.25,blackgram
36,79,17,35.0,30.02,6.75,81.53,pigeonpeas
56,74,84,19.0,16.38,7.08,86.98,chickpea
77,49,43,21.52,81.47,6.49,263.63,rice
110,35,18,22.62,80.64,6.93,91.72,cotton
37,56,24,30.91,33.05,5.19,172.98,pigeonpeas
39,76,23,22.93,20.77,5.87,73.32,kidneybeans
84,43,18,22.64,55.91,6.82,73.28,maize
89,93,53,27.58,82.75,6.06,127.64,banana
62,40,38,24.55,86.41,6.68,180.18,jute
20,31,7,19.9,93.58,7.2,106.35,orange
57,61,54,29.59,83.34,6.54,69.52,papaya
21,25,29,27.38,92.24,6.35,162.86,coconut
37,34,17,28.2,59.38,5.02,37.25,mothbeans
83,37,35,25.12,80.64,5.38,249.67,rice
2,135,197,18.02,84.54,5.6,72.2,grapes
7,73,17,24.6,65.14,6.54,69.31,lentil
34,61,50,24.02,92.21,6.61,239.4,papaya
49,77,84,17.95,19.83,6.36,94.9,chickpea
24,55,79,20.34,17.78,6.4,67.26,chickpea
27,121,199,21.43,93.65,6.46,103.89,apple
120,10,48,24.6,82.81,7.0,44.02,watermelon
67,36,39,23.52,82.88,5.74,203.43,rice
30,51,47,28.24,90.92,6.8,238.49,papaya
25,38,24,27.41,82.59,6.04,55.78,mungbean
86,48,45,26.53,77.42,6.11,197.92,jute
55,52,50,36.88,81.34,6.13,213.59,papaya
15,7,44,22.9,92.59,6.11,105.06,pomegranate
40,143,200,20.47,90.28,5.91,114.47,apple
99,52,40,24.06,72.59,6.77,157.68,jute
28,75,25,27.21,61.38,7.29,70.0,blackgram
63,51,17,21.61,56.64,6.69,94.68,maize
33,15,35,23.28,88.09,6.45,104.05,pomegranate
19,75,17,19.1,47.77,5.19,147.09,pigeonpeas
107,9,53,29.47,93.41,6.7,27.27,muskmelon
25,45,17,31.46,84.64,6.48,51.91,mungbean
49,74,19,29.11,68.18,7.34,73.53,blackgram
90,55,35,26.63,82.49,6.45,164.8,jute
37,17,34,27.0,99.86,6.32,179.15,coconut
21,72,23,29.96,62.86,7.1,65.24,blackgram
120,58,22,23.29,82.52,5.64,72.83,cotton
81,14,47,24.7,89.5,6.96,41.47,watermelon
26,76,21,27.05,39.04,6.1,197.06,pigeonpeas
95,91,47,26.44,82.37,5.95,149.46,banana
17,141,196,23.96,92.31,5.57,124.43,apple
39,132,202,21.97,92.82,6.15,123.07,apple
29,66,19,19.19,67.67,6.95,73.95,lentil
47,63,51,26.69,87.72,6.59,205.87,papaya
0,54,24,28.8,88.24,7.23,51.93,mungbean
81,42,25,24.36,57.02,5.75,68.21,maize
10,63,15,24.03,30.01,5.78,66.56,pigeonpeas
113,34,33,26.33,66.79,6.36,171.35,coffee
16,21,12,29.16,92.18,6.5,120.61,orange
37,8,36,18.88,92.66,6.21,103.23,pomegranate
26,45,15,27.03,82.12,7.0,50.28,mungbean
110,31,33,25.65,50.2,6.34,169.93,coffee
77,49,45,20.64,83.63,5.82,234.11,rice
29,58,17,26.37,60.83,6.79,56.82,lentil
37,6,35,27.76,93.57,6.47,226.72,coconut
88,24,26,27.66,54.74,6.69,198.76,coffee
52,72,18,30.78,63.08,6.72,72.93,blackgram
31,60,20,19.94,30.33,5.58,72.97,pigeonpeas
6,128,202,27.63,82.68,6.04,71.54,grapes
98,11,51,25.91,82.88,6.24,50.96,watermelon
33,31,13,20.58,92.9,6.4,108.11,orange
70,53,35,24.98,83.95,5.91,291.16,rice
4,71,19,20.43,19.37,5.98,141.85,kidneybeans
36,77,82,20.53,14.63,7.98,80.51,chickpea
117,29,30,23.41,56.33,6.97,157.66,coffee
95,83,52,26.35,78.7,6.07,144.09,banana
16,27,35,29.68,49.55,5.68,88.27,mango
93,18,52,27.64,90.32,6.57,26.22,muskmelon
14,30,8,31.47,93.4,7.58,124.46,orange
84,44,35,25.6,71.63,6.2,157.78,jute
92,54,40,26.56,75.4,6.05,163.05,jute
91,5,47,27.33,94.31,6.84,26.53,muskmelon
37,52,23,31.7,86.49,7.43,43.79,mungbean
139,42,24,24.97,83.87,6.51,99.28,cotton
20,142,202,23.33,94.94,5.82,113.3,apple
112,27,35,25.46,55.9,6.77,169.7,coffee
28,42,22,31.93,80.0,6.92,55.41,mungbean
12,73,16,20.11,65.13,6.57,74.06,lentil
91,10,49,28.66,93.98,6.0,26.31,muskmelon
67,55,15,23.27,61.92,6.77,72.48,maize
29,67,25,20.64,64.45,6.85,44.67,lentil
39,18,28,26.82,92.31,5.97,190.49,coconut
42,74,82,19.32,14.53,7.92,87.22,chickpea
40,58,19,21.35,22.79,5.7,142.36,kidneybeans
114,37,31,23.22,51.33,6.55,155.25,coffee
94,78,51,27.12,78.86,6.42,138.1,banana
20,58,23,24.62,60.72,5.77,46.08,mothbeans
98,20,47,25.53,84.77,6.27,40.44,watermelon
85,80,55,26.52,81.38,5.85,146.42,banana
36,69,16,33.66,60.1,7.17,69.61,blackgram
92,39,34,25.24,65.8,6.8,185.98,coffee
10,67,19,28.02,66.26,4.91,149.99,pigeonpeas
89,51,41,26.4,88.63,7.46,189.06,jute
36,70,24,25.46,69.31,6.99,72.46,blackgram
2,126,196,24.44,81.56,5.81,73.38,grapes
31,129,202,17.76,80.94,6.15,66.48,grapes
47,68,50,22.58,81.92,6.22,210.33,papaya
19,18,35,27.4,49.03,6.12,87.92,mango
18,51,22,28.93,53.92,6.2,41.45,mothbeans
71,41,36,24.99,80.74,6.5,212.01,rice
29,63,15,19.69,19.81,5.8,86.75,kidneybeans
21,123,203,8.98,80.27,5.96,70.5,grapes
108,10,54,25.6,89.05,6.08,42.87,watermelon
33,23,5,25.74,93.64,6.24,118.26,orange
113,48,20,24.65,82.62,5.56,97.44,cotton
20,67,16,16.66,23.29,5.71,74.6,kidneybeans
16,58,24,18.6,59.45,5.33,186.85,pigeonpeas
20,59,20,32.83,58.34,4.93,196.14,pigeonpeas
60,76,82,19.32,17.98,6.19,87.82,chickpea
8,13,45,19.92,85.27,6.74,106.26,pomegranate
11,130,202,26.31,81.37,6.23,65.94,grapes
3,15,26,25.76,97.01,5.76,223.04,coconut
98,95,53,28.78,81.07,5.67,139.87,banana
2,15,43,23.02,92.77,6.67,106.14,pomegranate
63,42,38,22.42,84.48,5.71,260.11,rice
107,83,49,25.61,84.86,6.28,119.51,banana
90,94,53,27.37,77.58,6.32,144.98,banana
104,82,46,29.44,79.42,5.64,138.21,banana
113,46,22,25.61,84.93,5.7,61.97,cotton
95,5,48,25.71,84.36,6.41,50.99,watermelon
3,59,20,29.38,86.3,7.24,59.59,mungbean
10,35,35,36.68,54.15,4.92,64.85,mango
38,18,42,19.31,85.32,6.74,107.23,pomegranate
100,13,51,27.56,92.13,6.55,26.78,muskmelon
14,24,9,20.8,93.07,6.71,110.01,orange
95,51,25,20.38,60.66,6.21,93.18,maize
118,87,45,27.41,80.03,5.82,136.46,banana
73,49,45,26.23,70.33,6.28,182.75,jute
83,39,25,27.64,51.89,6.37,185.45,coffee
55,72,21,29.13,61.99,6.62,65.72,blackgram
37,60,20,30.84,44.13,9.05,44.54,mothbeans
88,7,50,28.19,92.86,6.95,25.17,muskmelon
21,66,20,29.66,64.45,6.02,67.47,blackgram
15,144,195,18.94,83.34,5.51,73.72,grapes
7,128,200,28.09,83.04,6.06,74.61,grapes
120,44,15,26.77,82.73,6.9,88.28,cotton
28,141,195,14.57,84.62,5.73,72.5,grapes
19,76,21,30.01,37.96,5.55,165.13,pigeonpeas
34,19,11,24.01,91.63,6.94,124.56,orange
32,52,25,29.6,60.95,8.72,68.05,mothbeans
19,39,29,30.95,51.46,4.88,97.31,mango
64,59,42,23.08,84.67,6.63,176.27,jute
17,39,27,35.59,51.29,6.41,90.61,mango
6,63,25,19.35,65.96,6.23,40.94,lentil
3,34,15,26.48,46.25,6.85,46.78,mothbeans
31,51,22,31.03,89.47,6.6,59.58,mungbean
34,49,47,25.21,80.09,6.3,197.27,papaya
5,32,7,21.94,92.1,6.03,110.95,orange
93,81,53,27.32,76.74,5.84,100.9,banana
27,23,35,26.14,93.17,6.46,171.33,coconut
30,26,34,32.92,53.36,4.61,69.47,mango
45,55,25,25.56,66.1,6.36,68.87,blackgram
77,42,22,21.51,58.77,6.19,75.07,maize
93,7,45,27.23,92.51,6.69,27.92,muskmelon
42,61,22,33.04,60.84,6.58,68.74,blackgram
93,54,43,24.69,83.39,6.03,191.01,jute
101,89,46,28.96,77.79,6.15,143.67,banana
8,10,5,22.37,90.27,7.53,121.11,orange
36,61,24,28.21,63.46,5.55,66.12,lentil
74,49,15,22.27,63.94,6.68,67.58,maize
31,30,19,30.83,82.53,7.3,42.57,mungbean
102,48,25,23.98,84.83,6.71,66.4,cotton
120,46,17,24.48,76.07,6.02,65.94,cotton
99,40,35,23.85,53.8,6.93,151.61,coffee
17,46,25,31.69,81.81,6.93,45.57,mungbean
40,63,22,15.87,21.7,5.56,91.07,kidneybeans
20,68,80,20.32,15.91,7.91,93.88,chickpea
3,36,24,29.62,82.54,6.71,52.31,mungbean
13,5,38,24.41,90.03,6.8,101.36,pomegranate
25,65,21,18.44,60.53,6.75,44.13,lentil
23,68,19,24.18,69.9,6.42,52.98,lentil
96,35,42,25.39,81.08,5.93,190.24,rice
87,17,51,26.06,87.59,6.53,49.58,watermelon
79,55,44,23.06,76.37,6.55,168.78,jute
10,19,35,23.51,90.1,6.3,101.51,pomegranate
3,61,23,26.59,66.07,5.63,63.69,lentil
54,65,18,33.08,67.37,6.81,73.4,blackgram
17,139,204,13.26,83.93,5.56,68.69,grapes
8,15,28,27.72,47.9,6.71,65.88,mango
62,39,37,24.76,82.25,5.02,293.06,rice
60,47,45,24.53,77.5,6.37,171.54,jute
103,70,46,29.21,77.09,5.57,135.16,banana
136,53,19,23.03,82.96,6.45,72.71,cotton
72,38,39,23.77,80.74,7.27,152.47,jute
42,80,78,20.49,14.97,7.57,85.11,chickpea
34,30,29,26.33,97.63,5.76,180.16,coconut
8,56,16,30.69,80.32,6.99,53.31,mungbean
25,71,16,18.15,55.24,5.62,78.8,pigeonpeas
103,74,52,28.21,82.83,6.44,134.6,banana
90,84,48,28.62,76.9,6.39,121.55,banana
33,67,21,29.3,66.77,6.05,72.84,lentil
19,53,17,31.16,89.75,6.71,41.67,mungbean
49,53,45,26.81,89.88,6.62,143.86,papaya
5,78,17,24.96,20.21,5.72,124.99,kidneybeans
117,15,45,25.03,89.97,6.77,51.42,watermelon
34,5,28,28.65,91.65,6.07,168.14,coconut
25,70,19,16.84,20.17,5.67,62.36,kidneybeans
97,36,15,21.24,59.97,6.58,65.33,maize
22,34,26,33.48,45.18,6.13,84.74,mango
2,137,198,11.04,82.2,6.0,69.04,grapes
33,38,20,29.8,54.36,7.84,58.85,mothbeans
35,64,45,27.68,93.42,6.01,182.35,papaya
16,7,14,20.08,94.31,7.79,105.82,orange
93,56,43,24.62,81.4,6.43,268.55,rice
40,13,25,26.54,94.1,5.85,150.48,coconut
46,63,19,30.67,67.96,7.1,71.1,blackgram
35,75,20,23.69,62.26,6.42,41.41,lentil
103,19,48,26.16,87.66,6.09,47.71,watermelon
40,30,26,28.81,49.86,6.26,61.19,mango
24,32,30,34.58,53.1,6.72,70.52,mango
35,61,22,32.49,51.7,4.87,113.3,pigeonpeas
34,16,39,22.09,87.66,6.03,101.19,pomegranate
1,56,18,29.23,86.19,7.0,52.52,mungbean
31,60,21,18.75,19.71,5.6,128.56,kidneybeans
9,57,19,29.97,58.01,8.87,42.31,mothbeans
40,18,34,26.53,96.96,6.45,146.93,coconut
30,64,23,22.77,18.39,5.74,63.03,kidneybeans
98,35,35,21.6,82.14,6.23,283.29,rice
6,40,21,29.33,81.9,7.05,53.91,mungbean
92,50,45,22.57,81.33,5.37,296.76,rice
9,6,38,21.68,85.66,6.97,103.6,pomegranate
91,54,42,26.9,75.18,6.46,158.08,jute
22,70,15,19.15,64.19,5.67,46.02,lentil
28,36,22,29.54,45.16,6.05,64.78,mothbeans
7,59,23,32.56,63.84,6.03,72.4,pigeonpeas
9,15,36,24.89,94.06,6.06,108.33,pomegranate
15,52,17,27.47,59.36,9.04,47.08,mothbeans
32,55,16,28.69,63.57,6.52,70.21,blackgram
36,67,55,23.24,89.1,6.1,215.54,papaya
105,29,31,25.71,54.4,6.65,195.22,coffee
99,70,48,26.29,75.26,5.79,127.7,banana
13,35,35,35.13,46.29,4.55,87.59,mango
26,76,75,18.49,17.16,6.22,65.09,chickpea
113,14,49,29.23,94.23,6.06,20.32,muskmelon
15,16,25,31.74,49.47,4.52,92.78,mango
48,57,17,26.92,61.46,7.41,74.18,blackgram
83,11,46,27.1,90.85,6.5,25.94,muskmelon
9,71,16,36.44,34.53,5.51,163.3,pigeonpeas
81,39,22,19.72,55.31,5.89,89.75,maize
36,28,12,15.37,92.73,7.41,123.71,orange
1,12,41,24.99,93.58,6.41,109.8,pomegranate
15,32,9,22.3,94.52,7.01,113.94,orange
40,67,21,28.69,64.6,6.56,74.43,lentil
112,11,50,24.16,88.84,6.86,46.65,watermelon
3,37,25,27.15,89.07,6.23,45.5,mungbean
31,19,29,29.72,91.8,6.16,200.49,coconut
36,43,19,28.58,80.57,7.15,57.55,mungbean
15,10,34,28.99,94.33,6.42,180.51,coconut
7,58,22,25.04,46.41,5.81,53.7,mothbeans
7,44,19,24.5,48.38,3.94,68.77,mothbeans
32,46,48,31.67,91.36,6.12,214.97,papaya
22,19,27,28.81,93.29,6.03,145.55,coconut
91,41,45,24.86,84.4,5.94,215.48,rice
68,56,17,23.89,64.34,6.89,82.54,maize
91,14,47,26.87,86.98,6.21,40.3,watermelon
40,142,197,17.71,82.45,6.35,72.06,grapes
91,33,33,25.74,59.62,6.05,150.36,coffee
20,5,37,23.83,94.92,6.16,106.92,pomegranate
38,12,36,22.12,94.35,6.73,109.18,pomegranate
30,61,82,17.51,14.62,7.45,85.24,chickpea
92,40,17,20.02,55.01,5.74,83.43,maize
14,25,28,30.83,46.52,6.17,71.37,mango
30,15,39,19.4,93.8,6.19,103.13,pomegranate
32,39,19,30.93,86.18,6.51,61.85,mungbean
139,52,17,25.25,82.57,6.62,80.39,cotton
0,51,23,30.65,89.4,6.91,61.58,mungbean
99,47,17,24.6,58.48,6.52,88.29,maize
33,65,23,20.55,22.4,5.81,76.92,kidneybeans
20,78,20,29.88,44.94,4.63,147.85,pigeonpeas
87,39,43,23.21,88.32,7.36,161.29,jute
120,40,29,26.01,62.2,6.56,195.73,coffee
139,56,24,24.93,80.54,6.02,68.06,cotton
64,38,43,25.79,88.52,7.22,191.43,jute
136,58,19,25.61,83.84,6.42,65.21,cotton
21,38,19,27.29,58.05,6.0,44.47,mothbeans
90,9,45,25.04,85.21,6.66,46.28,watermelon
109,72,55,27.91,80.33,6.1,118.3,banana
19,74,19,34.27,58.05,6.32,138.69,pigeonpeas
96,46,17,20.18,60.9,6.04,64.58,maize
24,138,199,23.24,84.35,5.84,72.7,grapes
8,27,35,28.89,54.01,6.19,85.33,mango
91,38,39,21.75,82.05,6.13,207.46,rice
5,121,201,23.89,90.07,6.1,114.07,apple
85,87,50,28.31,80.9,5.92,110.04,banana
96,21,30,23.92,66.81,6.12,160.75,coffee
39,60,21,31.97,60.64,8.99,32.45,mothbeans
3,124,201,21.27,93.63,5.62,104.22,apple
26,46,20,30.02,86.83,6.86,50.73,mungbean
102,35,25,24.38,76.33,6.09,67.09,cotton
21,23,34,26.41,94.81,5.54,213.58,coconut
114,87,51,28.59,84.93,6.2,114.69,banana
134,53,15,24.83,81.12,6.32,70.92,cotton
17,133,199,20.8,91.54,5.54,115.84,apple
35,15,41,23.6,93.46,6.64,100.42,pomegranate
107,37,30,27.74,52.57,6.03,170.72,coffee
59,75,85,18.98,16.32,6.9,72.94,chickpea
7,10,5,17.82,91.12,7.12,122.92,orange
22,56,15,34.1,65.69,7.14,73.12,blackgram
129,42,21,25.34,83.96,6.37,81.1,cotton
53,79,76,20.89,17.48,6.51,83.26,chickpea
68,40,37,24.14,83.39,5.02,241.45,rice
78,36,37,23.93,81.77,7.38,187.4,jute
39,48,45,36.06,82.51,6.72,198.55,papaya
7,67,20,20.89,65.98,6.28,191.23,pigeonpeas
86,33,32,23.19,53.67,6.89,196.94,coffee
115,10,48,26.41,88.46,6.12,54.54,watermelon
37,71,84,20.48,17.42,6.06,97.58,chickpea
78,38,37,25.38,80.22,6.49,236.39,rice
38,24,5,20.77,94.69,7.65,120.93,orange
30,60,17,34.52,63.29,6.99,72.52,blackgram
113,87,51,25.47,75.33,6.0,130.03,banana
120,12,53,24.46,83.7,6.33,46.35,watermelon
29,59,23,22.8,40.86,4.81,107.18,pigeonpeas
116,48,16,24.04,77.06,6.1,63.04,cotton
91,42,38,24.09,81.57,7.05,182.73,jute
106,35,26,23.32,56.61,6.23,194.45,coffee
22,47,25,31.85,83.78,6.09,48.48,mungbean
81,76,53,25.78,77.26,5.71,139.63,banana
6,52,15,28.16,88.68,7.39,50.49,mungbean
64,58,40,26.13,78.64,6.89,167.43,jute
32,127,198,12.94,82.47,6.46,72.7,grapes
33,39,27,33.26,53.91,5.76,63.09,mango
116,17,55,29.59,93.37,6.21,26.38,muskmelon
30,142,203,22.91,91.89,5.51,100.23,apple
138,35,17,26.85,81.68,6.67,91.05,cotton
82,20,48,25.77,84.54,6.75,43.2,watermelon
106,34,32,25.82,67.63,6.79,177.67,coffee
9,70,24,25.0,64.64,6.43,56.81,lentil
36,9,13,25.43,94.67,7.61,120.79,orange
84,46,25,25.9,64.44,5.56,95.28,maize
55,61,50,22.75,87.31,6.36,92.82,papaya
5,11,35,23.0,89.3,6.31,109.62,pomegranate
54,48,48,22.17,83.63,6.68,88.53,papaya
36,28,34,32.27,48.03,5.41,62.66,mango
31,66,24,20.34,65.05,6.65,42.17,lentil
46,66,50,22.83,87.33,6.58,169.63,papaya
128,59,17,22.56,77.12,6.21,98.74,cotton
5,72,20,29.84,62.78,6.09,64.05,lentil
119,50,23,26.09,75.06,6.99,67.32,cotton
1,13,43,24.01,94.63,6.63,101.84,pomegranate
28,22,28,26.53,94.96,6.0,142.1,coconut
60,53,19,22.83,57.45,6.08,74.43,maize
81,48,44,25.32,82.66,6.08,187.48,rice
92,54,37,23.22,83.13,7.26,168.67,jute
6,58,25,27.93,63.18,4.19,58.22,mothbeans
26,25,25,30.69,51.9,5.47,73.84,mango
18,128,199,15.19,82.19,5.78,70.82,grapes
105,51,20,24.94,78.11,6.17,92.23,cotton
15,20,26,28.56,93.68,5.84,162.72,coconut
78,44,23,20.7,64.0,6.41,72.22,maize
117,10,53,27.93,90.5,6.27,28.32,muskmelon
92,16,46,27.01,94.62,6.11,20.95,muskmelon
23,24,12,16.3,91.54,6.58,127.45,orange
7,47,25,24.32,47.29,4.85,31.91,mothbeans
8,36,16,31.43,89.34,7.37,55.89,mungbean
131,35,19,25.76,78.7,5.76,63.94,cotton
3,9,8,18.06,90.41,7.28,114.16,orange
4,19,33,36.3,49.84,5.73,64.79,mango
75,60,44,23.44,82.37,5.26,232.06,rice
66,44,15,21.35,58.83,6.28,62.35,maize
4,67,21,18.36,49.07,6.22,161.18,pigeonpeas
8,21,34,34.01,46.13,6.43,79.67,mango
26,65,78,19.21,17.58,7.57,81.83,chickpea
119,21,27,23.5,56.38,6.05,169.78,coffee
23,18,14,15.16,92.46,7.06,106.04,orange
26,26,32,27.99,53.12,6.67,66.89,mango
31,137,203,17.78,80.23,5.51,74.21,grapes
93,44,38,24.19,84.61,5.13,203.52,rice
89,88,50,25.78,84.75,6.34,125.04,banana
90,46,38,25.63,88.38,6.6,159.62,jute
85,86,53,29.84,77.69,5.99,104.31,banana
21,66,23,33.87,61.38,5.44,137.28,pigeonpeas
29,10,14,20.17,93.62,7.82,107.07,orange
58,67,78,17.34,19.37,6.38,76.32,chickpea
89,12,45,25.57,82.05,6.33,44.95,watermelon
4,56,19,28.02,67.1,5.67,65.76,lentil
66,50,40,24.75,81.04,6.84,163.87,jute
16,74,20,27.12,67.22,5.51,57.82,lentil
35,143,196,21.01,93.89,6.46,117.42,apple
94,34,26,27.72,62.21,6.72,188.1,coffee
34,55,22,28.6,84.38,7.35,64.06,mungbean
33,63,17,19.5,22.49,5.83,115.88,kidneybeans
79,50,42,25.16,89.21,6.18,186.9,jute
59,52,52,22.57,80.65,6.87,182.46,papaya
21,63,79,18.39,15.43,7.02,93.89,chickpea
4,27,9,25.24,90.68,6.68,105.63,orange
104,15,47,26.02,81.97,6.9,41.58,watermelon
109,17,53,27.25,90.63,6.19,25.12,muskmelon
81,55,25,25.2,63.74,6.4,90.03,maize
110,44,15,25.71,81.59,6.11,70.48,cotton
31,64,20,23.04,54.06,5.24,160.02,pigeonpeas
100,36,17,22.5,80.87,6.18,90.98,cotton
33,18,28,25.07,95.48,6.24,159.52,coconut
10,45,15,27.05,88.58,7.1,63.67,mungbean
33,61,18,19.11,64.58,6.09,70.35,lentil
98,25,32,27.77,55.64,6.38,154.58,coffee
34,51,20,24.14,62.92,8.09,35.45,mothbeans
66,51,45,25.45,86.41,6.51,159.68,jute
122,36,21,25.12,78.58,6.77,78.13,cotton
13,15,35,24.9,91.87,6.24,107.99,pomegranate
19,78,16,35.88,66.59,4.53,123.02,pigeonpeas
33,6,27,27.21,91.15,6.34,142.49,coconut
44,54,52,28.69,88.47,6.47,50.07,papaya
68,36,42,23.56,72.0,6.84,170.57,jute
26,29,33,36.73,49.39,5.85,98.72,mango
82,51,16,18.18,57.69,6.31,91.67,maize
94,57,35,24.22,80.81,6.28,159.34,jute
130,39,24,26.85,80.03,5.76,86.34,cotton
111,12,47,25.0,87.28,6.67,41.08,watermelon
16,71,15,23.67,39.62,5.28,95.85,pigeonpeas
82,24,26,24.35,50.93,6.43,191.37,coffee
24,17,39,21.13,92.78,6.22,101.65,pomegranate
103,15,34,25.61,56.62,6.54,197.94,coffee
37,57,23,27.09,84.64,7.41,48.1,mungbean
50,65,46,34.64,86.99,6.09,188.43,papaya
92,13,52,24.42,86.43,6.38,54.35,watermelon
26,58,24,35.87,50.28,5.52,173.52,pigeonpeas
97,7,54,26.79,83.81,6.08,42.58,watermelon
99,36,22,24.55,56.28,5.93,60.92,maize
28,15,28,32.74,51.37,5.89,89.53,mango
16,144,200,28.72,83.02,5.61,70.73,grapes
14,43,23,27.82,81.17,6.82,62.56,mungbean
61,35,19,20.73,57.59,6.07,89.51,maize
48,62,22,31.47,66.25,6.96,68.07,blackgram
16,135,200,22.9,91.15,5.5,117.88,apple
110,40,22,25.13,83.28,6.56,79.18,cotton
5,7,42,21.41,88.34,6.11,102.39,pomegranate
62,54,23,18.01,60.98,6.41,72.38,maize
7,33,7,15.51,93.21,7.79,126.55,orange
16,58,22,20.79,66.36,6.99,67.22,lentil
19,13,31,25.65,99.63,6.13,219.82,coconut
51,58,75,17.44,17.29,6.91,94.55,chickpea
59,68,84,19.45,19.66,6.48,69.25,chickpea
52,64,23,32.49,69.18,6.16,67.33,blackgram
14,65,23,24.88,59.03,6.74,123.84,pigeonpeas
74,42,19,21.89,59.09,6.66,60.61,maize
26,120,200,24.99,84.21,6.26,66.68,grapes
41,74,75,19.24,14.06,6.65,83.12,chickpea
83,11,49,27.5,94.89,6.11,29.32,muskmelon
3,62,19,21.81,60.09,6.07,50.56,lentil
41,76,79,20.54,15.37,6.42,86.38,chickpea
111,9,54,29.76,92.35,6.03,26.9,muskmelon
34,46,51,34.4,92.67,6.57,120.3,papaya
29,25,13,20.86,91.73,7.49,125.41,orange
33,56,22,26.29,65.74,6.09,65.31,blackgram
32,59,54,29.93,88.85,6.3,47.36,papaya
118,34,26,27.33,57.88,6.92,192.39,coffee
2,32,35,28.91,50.17,6.77,92.17,mango
28,10,9,18.33,93.53,6.58,108.49,orange
100,19,51,28.47,90.19,6.54,27.05,muskmelon
0,55,18,18.4,21.1,5.69,60.6,kidneybeans
25,135,198,13.82,83.56,5.6,65.34,grapes
51,67,55,31.53,82.34,6.72,191.62,papaya
20,62,15,26.65,62.82,5.78,41.38,lentil
18,126,196,22.15,94.98,5.9,115.39,apple
11,57,18,31.87,85.44,6.41,57.74,mungbean
70,58,39,24.21,83.54,5.03,296.39,rice
7,53,20,29.35,84.23,7.49,40.26,mungbean
26,19,10,32.55,93.71,7.8,124.55,orange
28,131,199,8.58,83.44,6.1,74.36,grapes
67,36,43,26.18,89.25,6.11,163.42,jute
35,120,203,22.6,94.28,5.61,108.69,apple
30,6,27,28.07,93.12,6.49,180.06,coconut
36,37,28,29.49,45.15,4.92,84.27,mango
115,35,33,25.09,53.32,6.15,185.37,coffee
26,6,5,34.19,91.04,6.62,123.1,orange
125,43,19,26.8,75.41,5.62,95.39,cotton
0,48,18,27.87,82.96,7.0,64.13,mungbean
37,46,24,27.77,89.77,6.82,43.39,mungbean
35,144,203,25.94,84.45,6.02,70.65,grapes
23,79,18,22.66,18.95,5.81,72.18,kidneybeans
12,40,20,28.3,88.86,7.34,47.43,mungbean
82,11,52,29.98,90.64,6.07,28.79,muskmelon
83,6,52,28.57,90.79,6.12,21.88,muskmelon
22,70,23,30.58,69.6,6.07,65.98,blackgram
15,130,202,17.08,82.69,5.55,65.02,grapes
47,57,52,27.53,80.99,6.62,162.9,papaya
19,19,39,21.18,92.53,6.13,105.47,pomegranate
85,12,48,25.93,83.28,6.86,41.84,watermelon
94,18,49,27.31,94.22,6.58,29.86,muskmelon
82,10,51,27.76,94.05,6.95,21.36,muskmelon
82,18,45,28.24,94.38,6.13,28.75,muskmelon
89,39,43,24.19,77.21,7.48,189.15,jute
16,129,195,21.63,91.16,6.03,104.97,apple
0,16,8,25.25,91.65,7.72,114.21,orange
95,11,54,26.9,87.53,6.81,40.49,watermelon
103,39,32,24.94,62.54,6.55,198.06,coffee
87,16,33,24.44,54.97,6.68,159.34,coffee
22,13,7,21.39,90.84,6.53,101.07,orange
118,86,45,28.02,77.99,5.91,110.88,banana
39,69,25,25.55,63.14,6.75,67.17,blackgram
20,141,197,23.92,94.41,6.07,109.95,apple
35,25,31,27.92,96.71,6.49,148.16,coconut
66,54,45,26.82,83.37,6.88,141.19,papaya
23,20,33,27.64,51.43,5.97,95.83,mango
118,88,50,27.5,75.61,6.21,131.17,banana
11,48,24,27.61,63.96,6.3,47.47,mothbeans
13,18,5,30.73,94.87,6.12,124.37,orange
39,59,51,31.87,80.96,6.17,103.2,papaya
107,57,16,23.11,78.43,6.66,82.82,cotton
64,43,44,26.26,80.64,5.5,218.59,rice
103,71,50,28.91,79.43,5.99,138.9,banana
6,45,25,31.09,44.92,8.29,34.33,mothbeans
19,63,15,18.29,65.34,6.53,66.2,lentil
99,5,45,28.61,93.45,6.68,22.52,muskmelon
19,12,29,27.07,92.54,6.37,178.88,coconut
117,90,53,28.74,77.08,5.71,109.48,banana
31,62,82,19.86,18.81,6.68,93.52,chickpea
22,73,17,18.02,19.56,5.6,65.19,kidneybeans
31,72,25,19.67,65.69,6.8,60.41,lentil
10,76,20,16.31,22.74,5.56,131.48,kidneybeans
117,37,28,27.5,52.36,6.31,188.92,coffee
95,76,50,27.07,81.98,5.77,149.97,banana
107,5,55,28.98,91.61,6.48,26.17,muskmelon
30,14,43,18.14,93.79,6.97,103.42,pomegranate
38,145,197,23.27,92.8,5.76,106.56,apple
23,14,31,26.76,94.03,5.52,213.33,coconut
27,70,18,18.65,60.22,6.04,51.68,lentil
36,61,45,23.76,94.22,6.22,249.92,papaya
33,37,25,27.67,58.32,7.44,53.64,mothbeans
34,56,18,32.55,64.45,6.89,72.01,blackgram
2,19,26,25.87,96.22,5.52,175.96,coconut
50,60,85,19.78,19.16,7.56,66.39,chickpea
69,56,41,23.85,75.83,7.28,199.95,jute
51,56,48,23.03,94.53,6.89,94.44,papaya
29,62,16,15.12,20.53,5.65,103.74,kidneybeans
31,76,20,35.02,53.33,5.67,107.65,pigeonpeas
15,30,10,27.47,91.72,6.31,107.95,orange
3,59,19,19.78,21.19,5.58,82.22,kidneybeans
26,126,197,22.19,93.55,5.55,101.73,apple
5,28,34,29.42,49.83,6.72,75.13,mango
89,16,53,29.51,90.47,6.74,29.6,muskmelon
90,50,43,23.02,80.16,7.5,184.75,jute
6,40,33,29.45,53.81,5.54,88.81,mango
93,16,54,24.03,81.3,6.31,41.75,watermelon
78,46,43,22.24,84.75,6.43,248.81,rice
71,53,43,23.03,80.78,7.19,163.31,jute
33,21,34,31.3,53.75,5.25,63.78,mango
38,69,20,19.3,47.21,6.24,124.12,pigeonpeas
14,80,19,16.23,21.35,5.67,125.63,kidneybeans
59,63,19,33.62,61.05,6.83,70.13,blackgram
43,62,22,30.44,62.32,7.27,68.97,blackgram
120,79,46,28.78,82.94,5.99,144.74,banana
5,72,19,23.52,62.18,5.7,73.37,lentil
2,72,25,24.84,18.84,5.6,76.58,kidneybeans
81,70,54,27.95,81.53,5.76,118.23,banana
5,131,204,17.46,84.92,5.8,71.0,grapes
26,56,17,27.4,50.51,5.7,148.96,pigeonpeas
10,66,23,22.89,62.8,5.7,65.48,lentil
13,10,44,22.38,94.46,6.58,105.4,pomegranate
104,54,23,23.38,76.04,5.61,73.9,cotton
41,73,82,17.58,14.62,7.14,65.64,chickpea
66,51,21,22.45,59.73,5.97,66.03,maize
16,125,202,20.59,92.39,5.52,118.35,apple
50,65,18,26.99,62.64,6.76,65.68,blackgram
34,123,195,21.17,94.11,5.95,112.54,apple
32,26,26,29.98,46.26,6.61,74.49,mango
117,77,50,27.52,75.14,5.86,130.05,banana
12,128,201,23.37,93.24,5.84,119.49,apple
100,45,23,22.36,83.37,5.76,62.83,cotton
63,35,39,21.25,81.83,6.12,266.51,rice
41,57,22,27.84,63.26,6.03,72.61,blackgram
103,12,49,29.62,91.44,6.09,29.37,muskmelon
94,14,48,26.32,88.28,6.17,53.46,watermelon
105,22,26,25.06,63.08,7.0,196.89,coffee
115,10,52,25.35,88.58,6.96,47.49,watermelon
89,57,43,23.77,83.07,6.08,165.67,jute
40,67,80,17.78,15.0,7.23,83.31,chickpea
99,60,43,23.19,71.22,7.41,192.49,jute
27,30,24,28.72,88.35,7.4,44.64,mungbean
10,136,204,10.24,82.02,5.56,73.21,grapes
95,43,38,24.56,75.68,7.1,155.44,jute
20,34,25,31.55,85.47,7.1,48.66,mungbean
3,143,201,20.09,93.43,5.79,114.0,apple
30,124,205,13.58,84.7,6.41,70.67,grapes
13,21,33,28.74,99.92,5.9,177.44,coconut
7,58,22,25.85,62.89,7.51,32.31,mothbeans
77,52,18,23.18,60.94,6.08,63.28,maize
3,18,28,25.23,93.53,6.47,168.68,coconut
12,16,45,24.32,91.97,6.1,102.74,pomegranate
73,54,44,24.14,88.01,6.2,182.98,jute
90,93,51,29.29,81.34,5.75,127.76,banana
23,56,22,21.42,33.93,6.51,77.08,pigeonpeas
32,61,25,32.85,62.74,7.37,65.98,blackgram
83,49,45,22.26,82.59,6.05,223.64,rice
16,76,16,30.91,39.0,5.58,160.68,pigeonpeas
18,25,26,33.39,46.29,5.58,70.99,mango
1,13,36,22.97,89.19,6.52,100.84,pomegranate
21,132,201,20.53,84.31,5.58,65.73,grapes
23,140,205,23.22,91.85,6.15,118.13,apple
22,61,22,28.21,65.62,6.42,72.83,blackgram
39,5,5,21.61,92.24,6.69,110.15,orange
85,43,17,21.19,60.37,6.88,77.32,maize
114,33,31,27.73,50.64,6.05,167.23,coffee
98,15,52,28.65,91.25,6.4,24.28,muskmelon
31,61,19,16.65,19.98,5.88,106.74,kidneybeans
35,132,195,19.6,84.43,6.34,73.83,grapes
40,79,23,19.17,44.49,6.31,88.08,pigeonpeas
100,30,29,26.18,60.0,6.1,159.88,coffee
33,31,11,16.14,94.89,7.18,116.71,orange
102,81,53,25.88,76.78,6.42,123.26,banana
14,21,28,27.76,50.77,6.11,93.99,mango
26,127,198,18.62,81.62,6.34,67.98,grapes
2,64,19,22.71,64.48,6.6,52.52,lentil
